titles,category
"박정수, “S전자 8만 원대에 1000주 넘게 샀다”…매도 후회",Culture
"국토부, '스텔스 자동차' 막는다…""자동점등 의무화""",Culture
홈플러스 37곳 결국 폐점한다는데…선거 끝났으니 ‘새벽배송’ 족쇄 풀릴까,Culture
사과도 안 통했다…스타벅스 논란 2주만에 결제액 107억 증발(종합),Culture
칩 종속 벗어난 자율주행…완성차가 주목한 '이식성',Culture
소나기 이후 찬 공기…다음 주 초까지 더위 '주춤',Culture
“나초 먹고 배탈 난 줄” 차에서 쌍둥이 출산한 美 여성,Culture
“얼룩덜룩 팔 때문에 반팔 못 입어” 무턱대고 크림 바르면 안된다?,Culture
K-GX전략 이달 발표 무산…지역별 차등요금제로 산업용 전기료 추가 인하 예고,Culture
"""에어프라이어 그냥 돌렸더니 발암물질 '철철'""⋯안전하게 먹는 쉬운 방법은?",Culture
수출 호조에 역대급 매출까지…잘나가는 K뷰티에 기대감 커지네,Culture
“여름에 꼭 먹어라” 김강우가 추천한 ‘저칼로리 음식’은?,Culture
“한 잔은 몸에 좋대” 이 말 다 틀렸다…의사들의 ‘섬뜩한 경고’ 들어보니 [헬시타임],Culture
"파리로 날아간 현대모비스 노조…OECD 측에 ""램프사업 매각반대""",Culture
"불금의 여유, 책도 좋지만 꼭 책이 아니어도…무려 800만명 다녀갔다",Culture
"“계단, 과하게 오르기만 하면 무릎 망가진다”…‘안전한 내려오기’ 운동도 병행해야",Culture
"차악을 선택한 영웅, 약소국의 총독이 제국의 칼이 된 이유 [한ZOOM]",Culture
"치과 의사 덕분에 ‘급성 백혈병’ 찾아낸 20대 女, 사연은?",Culture
"""지하철서 방귀 뀌는 사람 때문에 죽을 맛""⋯나도 모르게 새어 나오는 이유는? [헬스+]",Culture
단 것이 땡긴다면…당신은 ‘이 영양소’ 부족한 것,Culture
"“희망퇴직금도 못 받나요?”…결국 문닫는 홈플러스, 3500여명 ‘고용 불안’",Culture
美만 바라보던 시대 끝났다...中 적극 두드리는 K바이오,Culture
"‘6kg 감량’ 문연주, 몸 오히려 무거워졌다는데… 왜?",Culture
"두 배 차이나는 비싼 우유, 영양가 높을까?",Culture
[날씨] 전국 요란한 소나기…때 이른 고온현상 주춤,Culture
"‘여성살롱’ 그 목소리, 임국희 아나운서 별세…심야 여성 DJ 시초",Culture
"""반도체만큼 예민""…삼성바이오 쟁의행위금지 항고심 D-1 쟁점 체크",Culture
"유병재 제작사, 올라운더 6개월 인턴 뽑으면서…정규직 전환은 '0명'?",Culture
"합천으로 떠난 '반값여행', 왈칵 눈물 나게 만든 순간",Culture
"“단백질이 70%” 풀무치, 국내 열 번째 식용 곤충 등재",Culture
"“하루 13분이면 충분하다”… 사망 위험 줄이는 운동, 어떻게 할까?",Culture
콜레스테롤 높은 쪽은 어디?…버터 VS 마가린,Culture
유신진화론이 뭐길래… ‘이단’ 결의 이후 남은 질문,Culture
"[박동창의 맨발걷기學] <32>척추수술 후 접지요법, 소칼 교수가 던지는 시사점",Culture
‘女 라디오스타의 시초’ 임국희 아나운서 별세…향년 88세,Culture
간질약의 반전…관절염 연골 손상 회복 효과 확인[노화설계],Culture
“물만 갈아주면 오래 간다?”…의외로 흔한 두부 보관 실수 5가지,Culture
"콩 파종 후 시작된 눈치 싸움, 새들의 지혜를 엿보다",Culture
"심장 보는 의사, “자녀에게 안 먹인다”는 음식은?",Culture
"“강한 냉방 위험하다”… 생명 위협하는 ‘이 질환’, 여름에 조심해야?",Culture
[2시 뉴스 날씨] 밤까지 전국 곳곳 소나기…낮더위 주춤,Culture
"“다이어트 중 최악” 스윙스, 30kg 감량 중에도 못 참은 음식은?",Culture
"“단백질 많아 아침에 좋아” 선우용여, 매일 먹는다며 추천한 음식은?",Culture
일찍 다가온 더위··· 겨울보다 더 많은 여름 ‘심근경색’ 주의,Culture
"홈플러스, 37개 점포 결국 폐점…희망퇴직 시행",Culture
쓴맛 나지만 혈당 조절엔 탁월… 무슨 채소일까?,Culture
암 잡는 CAR-T치료로 신장 이식 거부 반응도 잡았다,Culture
"""전자담배 규제 심할수록 흡연 사망자 많아질 것"" 호주 의사의 경고, 왜",Culture
금요일 새벽까지 전국 곳곳 천둥·우박 소나기…다음주 중순까지 선선,Culture
“입에서 왜 배설물 냄새가?” 치과의사들이 지목한 진짜 원인,Culture
토마토가 레모네이드에?…미국 SNS 달군 ‘토마토 레모네이드’ 정체는,Culture
"허남준, ‘고기만’ 먹으며 다이어트 중… 효과 살펴보니?",Culture
"왕실 나온 메건, 40만원 캔들 판매 욕먹는 이유…내로남불 과거 발언",Culture
테슬라·BYD 전기차 공세… 국산차 안방 방어 '흔들',Culture
[날씨] 전국 곳곳에 소나기…돌풍·벼락·우박 주의,Culture
"동래봉생병원, 미래관 오픈으로 36년 만의 새 출발",Culture
"“햇빛 안 보고 3년 지냈다”…16세男, 발작 후 고관절 부러져, 왜?",Culture
"시부모 간병 어쩌나…중년 며느리 vs 시누이-남편, 선택은?",Culture
오늘 저녁까지 전국서 소나기…비 그친 뒤 '선선',Culture
"400만 돌파 '군체' 연상호 ""속편 아닌 게임 구상중...10대 주인공""[인터뷰]",Culture
퇴근길 '비상'…천둥·번개 동반 강한 비 온다,Culture
[날씨] 곳곳에 소나기…낮 되면 대부분 '뚝',Culture
수입차 3대 중 1대는 테슬라…중국산 전기차 존재감 커져,Culture
[뉴스12 날씨] 전국 곳곳 소나기…한낮 30도 안팎,Culture
"지방 많이 들었는데, 혈압을 낮춰준다? 무슨 음식인지 보니",Culture
"돌풍·우박 강한 소나기…다음 주도 더위 주춤, 소낙성 비",Culture
“저당 소스면 마음껏 먹어도 된다?”…살 덜 찌는 원칙 3가지,Culture
내일 새벽까지 전국 곳곳 비소식…다음주 중순까지 비교적 선선,Culture
군산이 주말 여행지로 딱 좋은 이유,Culture
“주식하다 망했다” 박정수 투자 실패…“삼전 8만원에 샀다 500만원 남겨”,Culture
"사유리, 버스·지하철 타야 살 빠진다는데… 효과 있나?",Culture
"스타벅스, 닉네임 변경 제한 무기한 연장…혐오표현 등 논란 차단",Culture
"""잘 키운 딸 시집갔다""…오스코텍, 세비도플레닙을 떠나보낸 이유",Culture
퇴근길 최대 80mm '소나기'...돌풍·천둥·번개 동반 [충북·세종 날씨],Culture
"“삼성전자, 몇억 벌 수 있었는데”…박정수, 주식 투자 실패담 고백",Culture
"일본차 밀리고 중국차 뜨고…BYD, 수입차 시장 4위 '껑충'",Culture
"벨기에, 넘쳐나는 감자 때문에 골머리… 무슨 일?",Culture
사과도 통하지 않았다…스타벅스 논란 2주만에 결제액 107억 감소,Culture
"‘푸바오 동생’ 쌍둥이 판다, 3살 맞아 ‘중국행’ 준비…“시기 협의 중”",Culture
대장암 항암제 내성 원인 규명…약효 되살릴 돌파구 열려,Culture
“점심에 먹으면 혈당 튄다”… 내과 의사가 경고한 음식은?,Culture
"서울대병원 ""신장이식 거부반응, 혈액검사로 예측한다""",Culture
"""밭 일구고 배로 호수 건넌"" 50년의 세월을 듣다",Culture
뉴욕 왕복 유류비만 60만원대…폭등한 유류할증료에 여름휴가 해외여행 ‘비상’ [여행+],Culture
존 트래볼타 “LA 한인타운 자주 가… 진짜 한국 보고 싶다”,Culture
수입차 10대 중 3대가 테슬라… 5월에도 국내 판매 1위,Culture
"현대차·기아, 5월 미국 판매 17만4860대…친환경차 역대 최다",Culture
‘심야 여성 DJ의 시초’ 임국희씨 별세···향년 88세,Culture
"[질병백과 TV] 척추 수술 미루면 안 되는 이유, ‘이 경고’ 무시하지 마세요",Culture
쿨한 시어머니 택배에 손가락 하트로 화답한 며느리,Culture
"전 세계 150만명 사망…""HIV·말라리아급 부담"" 전문가 경고",Culture
"“주는 게 더 복되다” 몸소 실천한 60대 목회자, 장기기증으로 4명 살려",Culture
벤틀리 ‘더 뉴 플라잉스퍼’ 韓 주문…영국서 수작업 생산 후 내년 인도,Culture
박지성도 먹었다… 근육 키워주는 ‘의외의 보양식’은?,Culture
편두통 있으면 뇌 더 빨리 늙는다,Culture
"오래 앉아도, 오래 서도 허리가 무너진다…‘S자 척추’ 지키려면?",Culture
멀쩡해 보여도 안심 못하는 ‘신장이식 거부반응’…혈액 속 DNA로 조기 포착,Culture
"현대차·기아, 美 시장서 5월 17만4860대 판매…친환경차 역대 최다",Culture
[뉴스타임날씨] 전국 곳곳 소나기…돌풍·벼락·우박 유의,Culture
"""줄어드는 의료 인력, '전신경화증' 치료의 가장 큰 걸림돌"" [명의열전]",Culture
“노화에 가장 효과있는 영양제”…현직 약사가 먹는 단 한 알,Culture
[신차 드라이브]파격적 변화와 부드러운 주행질감…현대차 AI 탑재한 '더 뉴 그랜저',Culture
"“가슴이 하나처럼 붙어 있다”…가슴 골 안 생기는 이유, 따로 있다고?",Culture
[뉴스광장3부 날씨] 전국 대부분 소나기…더위 누그러져,Culture
영화의 인기가 서점가로 확산…‘스크린셀러’ 돌풍,Culture
미국은 왜 북한 핵을 막지 못했나…35년 협상의 실패,Culture
"""가성비 먹거리였는데""…메가MGC커피·빽보이피자, 줄줄이 가격 인상",Culture
"셀트리온, 1000억원 규모 자사주 소각 완료…연내 2조 규모 주주환원",Culture
당뇨 관리에 참 좋은 해산물…일주일에 ‘이만큼’ 먹어야 한다고?,Culture
“이것만 기억하세요” 암 예방을 위한 열 가지 수칙 [아미랑],Culture
오늘 전국 최대 80㎜·서울 40㎜ 소나기…천둥·번개·우박 동반,Culture
"""사과문 보니 어이없다"" JK김동욱, 중앙선관위 공개 비판",Culture
"'서류 제출 실수' 육아장려금 깎은 지자체…권익위 ""전액 지급""",Culture
기생충이 몸속 '약물공장' 될까…체내 해독제 생산 십이지장충,Culture
‘살찐 사람은 성관계 어렵다’ 사실일까…전문가가 말하는 진실은? [라이프+],Culture
무대 위에 올려진 고시원·원룸…공연계가 기록한 ‘54만 고립 청년’의 자화상,Culture
오후 전국에 '소나기'...우박에 천둥·번개까지,Culture
주유비 200달러 시대…미국서 가성비 중고 전기차 인기,Culture
항암치료 전후 금식…‘이 암’ 치료에 효과적이라고?,Culture
"개봉 사흘만에 제작비 11배 벌었다…텅 빈 노란 방, 이렇게 무섭다니",Culture
고환율에 지갑 열린 외국인…서울 고급호텔서 더 오래 묵는다,Culture
초여름 더위 속 전국 대부분 소나기…출근길 우산 챙겨야,Culture
"유홍준, 김은호 소장 ‘김홍도 금강산 초본’에 신중론…“보물급은 아냐”",Culture
‘우산 챙기세요’…전국 곳곳 천둥·번개 동반 소나기 [오늘날씨],Culture
“러닝으론 부족” 내장지방 없애고 싶다면 ‘이 운동’ 해야,Culture
"부은 건가, 살찐 건가…‘매일 앉아있는 그대’ 틈새 관리 꿀팁",Culture
무등산 실종 남성 극적 구조…생수 2병으로 5일 버텨,Culture
'6선' 송영길의 화려한 귀환…'원조 친명' 김남준도 국회 입성,Culture
전국 대부분 소나기…돌풍·천둥번개 동반 유의(종합),Culture
"제주에 또 다른 복합리조트 나오나…파라다이스, 메종글래드 인수 실사",Culture
'타보면 다른데' 신차 효과 실종 르노코리아…후속작 중요성 커졌다,Culture
[오늘의 운세] 2026년 6월 4일 별자리 운세,Culture
"김대호 ""건강 무너지는 것 같아""…몸이 보내는 '번아웃' 신호 [헬스톡]",Culture
"“고단백, 포만감 커” 이소라가 아침에 먹는 것, 뭘까?",Culture
BTS '보랏빛 특수' 부산 외곽도 들썩…'없던 관광 수요' 터졌다,Culture
셀트리온도 노조 출범…커지는 바이오업계 '성과급 이슈',Culture
"""출근길 우산 챙기세요""…전국 대부분 소나기 속 더위 지속[오늘날씨]",Culture
“전립선암 치료시작”하더니 다음날 퇴원…거짓말이 아닙니다,Culture
“싸고 맛있어서 자주 먹었는데 이럴수가”…편의점·무인카페 위생 상태에 ‘화들짝’,Culture
신천지·JMS 파헤친 故탁명환…피습된 '사이비 헌터' 진실은[왓더OTT],Culture
"“뇌 염증 유발” 몸에 좋다는 사골국, ‘이런’ 사람에겐 독",Culture
IMF때 출연료 기부 내한 공연… 앨범에 ‘아리랑’ 피아니스트 조지 윈스턴,Culture
단순히 ‘잠’ 문제가 아니다…‘불면증’ 3040 여성 ‘암’ 발병 위험 쑥,Culture
“아침 먹었는데 왜 10시에 배고플까?”…범인은 첫 한입이었다,Culture
이부진 요리스승 “췌장암 완치”…90대 장수 노인들의 비밀,Culture
북극곰만 위험하냐고요? 한반도 면적 6배 빙하가 녹으면 생기는 일,Culture
"사제·승려 줄었는데, 목사만 늘었네",Culture
대장암 진행 막는다… 당장 식탁에 올려야 할 ‘두 가지’,Culture
[오늘의 설교] 잊혀진 사람들,Culture
[가정예배 365-6월 4일] 내가 반드시 너와 함께 있으리라,Culture
“우산 없이 나갔다간 낭패”…목요일 전국 흐리고 곳곳 소나기,Culture
"[빅데이터가 점지한 오늘의 운세] 2026년 6월 4일 목요일(음력 4월 19일, 기유일)",Culture
한·일 정상회담 안동 문화유산… 600년 전통마을 불꽃놀이·바위 병풍 ‘한국의 서원’,Culture
과묵했던 아버지 유영국… 추상 그린 이유도 ‘말 없어 좋다’,Culture
"""우산 챙기세요"" 전국 대부분 소나기·'낮 최고 29도'…여름철 단골 '이 질환', 예방하려면 [오늘 날씨]",Culture
"멘탈 관리도 결국 체력 문제…""잘 먹고, 잘 자고, 움직이세요"" 정신과 의사의 처방",Culture
美 현대차그룹 공장서 기아 스포티지 첫 생산,Culture
[오늘의 날씨] 전국 대부분 비…낮 30도 안팎 더위,Culture
"거짓말까지 하는 좀비, 400만명 소름끼쳤다",Culture
[오늘의 운세] 2026년 6월 4일 띠별 운세,Culture
"[미국 250년, 이상과 현실의 투쟁] 광기와 타락의 禁酒法... 세상을 오염시킨 악법은 교훈을 남겼다",Culture
[이응준의 과거에서 보내는 엽서] [69] 덩샤오핑의 두 얼굴,Culture
[알파고의 지식램프] [6] 한국인의 긴장과 방글라데시인의 이완 사이에서,Culture
[천현우의 세상 땜질] 지방 사는 90년생의 서러운 연애,Culture
[근교산&그너머] <1465> 해운대구 운봉산 둘레길,Culture
얼음 ‘이렇게’ 얼리면 세균 폭탄…여름철 얼음틀 위생 관리법,Culture
"“목 너무 아파” 호소하던 女, 백혈병 진단… 대체 무슨 일?",Culture
[뉴스9 날씨] 내일 전국 대부분 소나기…돌풍·벼락·우박 주의,Culture
헤딩 한 번만 해도 알츠하이머 관련 단백질 증가,Culture
"“콜레스테롤 낮춘다” 임미숙, ‘이것’으로 반찬 만들던데… 뭘까?",Culture
[내일날씨] 오후부터 전국 곳곳 소나기⋯돌풍·천둥번개,Culture
20살 감독의 반란 … 영화계 집어삼킨 '노란 방',Culture
“그 책을 뭐하러 읽어요?”…AI 태풍에 뒤바뀌는 ‘독서 지도’,Culture
"발표 5분 전, 손바닥이 먼저 젖었다…몸은 아직도 위험하다고 생각했다",Culture
"백태, 백내장과 다르다?…수술 후 안약 넣은 40대男, 눈동자 축소에 깜놀",Culture
"""한 잔은 괜찮겠지""… 소량 음주도 암 앞에서는 '독'",Culture
'쌍둥이 판다' 루이·후이바오 올겨울 中 귀환 전망…푸바오 간 지 2년만,Culture
"[내일날씨] ""우산 챙기세요""…전국 흐리고 오후부터 소나기",Culture
[문요한의 마음정원] 진심 건네는 조언…‘좋은 꼰대’ 자처해야,Culture
"""작은 차 싫다""는 한국서 주문 폭발…BMW '이 車' 대박 난 이유 [영상]",Culture
"황재형 작가의 운명을 바꾼, 숨진 광부의 작업복",Culture
전립선암 치료 비용·시간·고통 확 줄여... ‘10년 완치율 90%’ 만들었죠 [닥터스 라운지],Culture
“기피제 뿌렸네? 여기 사람이 있구나!”… 똑똑해진 모기의 역습,Culture
[날씨] 선거일 30도 여름 더위…내륙 곳곳 소나기,Culture
“통째로 드세요”… 유방암 위험 낮추는 과일 4가지,Culture
남편보다 오래 살지만… 왜 아픈 사람이 많을까? 중년 여성의 건강 장수는?,Culture
“나 좋다더니 갑자기 잠수”…잘되던 썸 망치는 진짜 이유 [라이프+],Culture
노화 주범으로 알려진 ‘이 세포’… 알고 보니 피부 상처 빨리 낫게 한다?,Culture
하버드 출신 의사가 경고한 ‘조용히 몸 망치는 습관’ 8가지,Culture
아름답고도 슬픈 사연 간직한 육지 속 섬,Culture
지끈지끈 편두통 있으면 뇌가 빨리 늙어...증상 완화에 도움 되는 방법과 식품은?,Culture
이 산의 절경을 봐라... 다들 카메라 들고 모여드는 이유가 있다,Culture
포슬포슬한 식감이 입맛 살려…초여름 햇감자 100% 즐기는 방법 [FOOD+],Culture
"기아, 美 HMGMA서 스포티지 하이브리드 생산 시작…전열 갖춘 공장",Culture
운동했는데 살이 안 빠졌다…체중계가 못 본 변화,Culture
[날씨] 지방선거일 30도 여름 더위…내륙 곳곳 소나기,Culture
"서울둘레길 156.5km, 비로소 서울을 한 바퀴 잇다",Culture
성원 스님 “로봇 스님들 넘어질까 연등 행렬 내내 가슴 졸여”,Culture
원화 약세에 외국인 몰린다…서울 특급호텔 ‘장박 특수’,Culture
"코스닥 바이오 톱3의 엇갈린 선택...알테오젠은 투자 확대, HLB·ABL은 효율화",Culture
"조기 위암 수술, 완전 복강경 vs 보조 복강경...어떤 게 더 나을까",Culture
에어컨만 켜면 재채기·콧물..'혈관운동성 비염' 의심,Culture
[시니어그룹] 100점짜리 후보는 없다... 100점 맞으려는 후보를 찾아야한다,Culture
"[2시 뉴스 날씨] 선거일, 낮 더위 이어져…오후 곳곳 소나기",Culture
“4명 중 1명은 비만” 체질량지수 정상이어도 안심 금물…뜨거운 BMI 기준 논쟁,Culture
"중년 부부가 방울토마토 먹었더니…아내 vs 남편, 좋은 점은?",Culture
"달콤하고 시원한데 심장에도 도움?…“엄마, ‘이 과일’ 사줘”",Culture
"""코로나19 변이에도 통했다""…엑세스바이오, 진단 유효성 확인",Culture
[날씨] 선거일 30도 안팎 더위…내륙 곳곳 소나기,Culture
164㎝·77㎏ 전설의 물고기 ‘돗돔’ 포획…성인 3명이 15분 사투,Culture
"고유가 시대…제주항공, 20년 단일 기종 전략 빛 발하다",Culture
"건강 위해 ‘이것’으로 바꿨는데 … “독성 상당한 수준”, 대체 뭐야?",Culture
"[뉴스12 날씨] 지방선거일, 더위 이어져…내륙 곳곳 소나기",Culture
"한 달에 322km, 새벽 러닝 뛰었더니 삶이 바뀌었습니다",Culture
"발목 삐면 얼음찜질부터 했는데… ""회복 속도만 느려진다"" 왜?",Culture
지자체 5급 이상 여성 공무원 첫 1만 명 시대 열렸다,Culture
"여름 보양식 콩국수, ‘이것’ 추가하면 영양 만점",Culture
"""5000원짜리가 35000원""…SNS서 난리난 다이소 '계산기' [트렌드+]",Culture
“얼굴 비추면 거울이 닳아?” 신개념 바가지 요금 [아하 중국],Culture
35세에 희귀 신장암 진단… 가볍게 넘긴 ‘초기 증상’ 뭐였을까,Culture
이재명 정부 '경제불확실성지수 하락' 속도 가장 빨라,Culture
기초연금 수급 어르신 5명 중 1명만 '현재 수준 적정',Culture
"정애리, 48년 연기 인생 가장 낯선 '더 마더'…""우리 모두의 이야기""[문화人터뷰]",Culture
"“잠결에 성관계 시도하고 기억 못해”… 29세男, 수면 장애라고?",Culture
“회개해야 나라가 산다” 부산에 울려 퍼진 기도의 함성,Culture
택배기사 등 도급제 근로자 최저임금 적용 논의 본격화,Culture
서울 아파트 전월세난에 연립·다세대 전월세 거래 증가,Culture
"“엔도르핀 돈다” 김준수 빠졌다는 ‘이 운동’, 뭘까?",Culture
인천공항 여객 7% 늘었지만…단거리 노선 쏠림 커졌다,Culture
"대만, 작년 韓 관광객 100만명 돌파…“다시 찾는 여행지로”",Culture
푸바오 쌍둥이 동생도 올겨울 중국 가나…“일정 협의 중”,Culture
"""여보, 나 사실 주식으로…"" 1억 수익 숨긴 남편의 '말 못할 고민'",Culture
“남자는 모른다”…여성이 차마 못 말한 성생활 10가지 [라이프+],Culture
치료법 없다던 암 환자 종양 30% 줄인 신약,Culture
‘20kg 감량’ 소유… ‘짜장면 먹는 방법’ 조금만 바꾸라던데?,Culture
"[출근길 날씨] 선거일, 30도 안팎 더위…오후 곳곳 소나기",Culture
"일주일에 90~120분 근력운동, 사망위험 낮춰…120분 초과 시 추가 이점 無",Culture
"""정원인데 꽃이 없네?"" 14년 걸려 꽃 대신 쇠기둥 심은 '이상한' 정원 [요즘 여행]",Culture
"""이러니 금방 상하지""...제철 햇감자, 싹 나고 초록색으로 변한 이유는?",Culture
“좀 적당히들 하입시다”…BTS 공연 앞두고 시험대 오른 부산관광 [트래블ON],Culture
계란값 석달새 9%↑…'에그플레이션'에 밥상·외식물가 '들썩',Culture
"스님·신부 적은데 목사는 많다…""큰 덩치보다 인식 개선 먼저""",Culture
"서울 33도인데 남해 태풍특보 ""바다가 뜨겁다""",Culture
'BTS 효과'에 부산 호텔 해외 팬 급증…외국인 예약 최고 '200배',Culture
“포만감 크다” 다이어트 위해 백지영이 ‘소고기’ 먹는 방법,Culture
"소량 음주, 암 위험 높이는데…치매는 달랐다고?[노화설계]",Culture
"카지노가 끌고 호텔이 밀었다…제주 드림타워, 650억 매출",Culture
"“암도 이겨냈는데”…몸 정화 의식으로 개구리 독 바른 40세男 사망, 어땠길래?",Culture
허리 아프면 무조건 누워라? 척추 건강 망치는 8가지 오해,Culture
눈 가려울 때 절대 비비면 안 되는 이유…'이 병'까지 생긴다 [헬스톡],Culture
“괜찮겠지” 했다가 과태료 폭탄…투표 인증샷 ‘이렇게’ 찍으면 큰일,Culture
"'판매 반토막' 제네시스, 하반기 '하이브리드·EREV'로 반전 노려",Culture
[날씨] 선거일 한낮 30도 안팎 더위…내륙 일부 소나기,Culture
한국·프랑스 140년의 우정… 이야기 ‘선물’ 보따리 푼다,Culture
"“샤워기 물로 입 헹궜는데”…물때 속 균, 폐로 들어갈 수도",Culture
"[헬스&라이프] ""쉬어도 방전돼""…몸이 보내는 경고, 만성피로증후군",Culture
"아침마다 먹는 달걀, ‘여기’ 보관하면 세균 범벅… 어디?",Culture
"""크면 괜찮아질 줄 알았는데""…아이 사시 방치하면 평생 후회 [김효경의 데일리 헬스]",Culture
에버랜드보다 비싸다…‘입장료 9만원’ 양평 산골 정원의 정체,Culture
“뻣뻣한 남자도 딩동댕 ‘요가계의 송해’ 꿈꾸죠”,Culture
보약처럼 힘 솟는 디저트 한 접시... 시니어 소외 껴안는 '봉주르 빵집',Culture
"“제니처럼 힙해 보이려고?”…선글라스, 디자인만 봤다간 낭패",Culture
"“혈압 낮춘다” 정재형, 샐러드에 ‘이 음식’ 넣던데… 뭐지?",Culture
[티는 알지] 녹색 가루의 매력…어디나 어울리는 ‘말차’ 알지?,Culture
“매일 이렇게 먹었는데…” 커피와 함께 섭취하면 안 될 식품들,Culture
“무슨 가격이 이렇게 자꾸 바뀌어?” 짜증내는 사람 많더니…‘이런’ 여행이 뜬다는데,Culture
"이단 피해, 자발적 동의인가 기망에 의한 강요인가",Culture
"경착륙이냐 연착륙이냐 美 교회 리더십 교체, 준비 기간이 갈랐다",Culture
“은혜 대갚음” 장학금 기부한 13년차 환경미화원,Culture
"‘20kg 감량’ 한혜연, “납작배 만들겠다”며 먹은 ‘이 음식’… 뭘까?",Culture
"“대변에 ‘이 증상’ 나타나더니, 암 2기였다”… 40대 女, 무슨 일?",Culture
"이지혜 남편, 마운자로 한 달 맞고 몰라보게 변신… 모습 보니?",Culture
단백질은 많이 먹어도 살 안 찐다? 흔한 다이어트 오해 4가지,Culture
"‘나잇살 없는 50대’ 오나라, 가녀린 팔뚝 비결?… “안 굶고 ‘이렇게’ 먹어”",Culture
“정읍선언은 통일정부 수립 주창한 ‘이승만 독트린’”,Culture
명품 도자기부터 디올 백까지… ‘한국·프랑스 140년 우정’,Culture
"허리 주사 맞고 사지마비 온 70대, 사망… 병원 책임 어디까지?",Culture
"“시험 스트레스인 줄 알았는데”…머리 아프다던 18세 뇌종양으로 사망, 무슨 일?",Culture
사람들은 왜 분노했나...스타벅스 논란이 남긴 질문,Culture
[날씨] 서울 31.8℃ 수도권 최고 더위...남쪽 먼 바다에 태풍특보,Culture
"유홍준, 최근 공개된 김홍도 금강산 초본에 신중론",Culture
"‘23만원 파우치 완판’ 구혜선, 이번엔 1만원대 출시",Culture
"자다가 소변 마려워 꼭 깨는 사람, ‘이렇게’ 하면 통잠 가능",Culture
"“2100원도 못 버텼다”…메가커피, ‘할메가커피’ 200원씩 인상키로",Culture
"건강에 안 좋다고?…“매일 과일주스 한 잔, 우울감 감소 확인”",Culture
선조의 임진왜란 트라우마에 풍수가 결합…동묘의 탄생은 ‘힙’하지 않다[장지연의 역사 상상력],Culture
한국인 엄마처럼 발랐더니…1500억 잭팟 난 '예쁘다' 정체,Culture
"“혈액순환 촉진” 김현주, 카페에서 ‘이것’ 먹던데?",Culture
[날씨] 내일(선거일)도 초여름 더위‥내륙·산지 오후 소나기,Culture
“체지방 녹인다” 입소문 난 30-30-30 다이어트… 방법은?,Culture
[날씨] 선거일 때 이른 더위…오후 한때 곳곳 소나기,Culture
“눈 가려울 때 ‘이것’ 했더니…‘각막 이식’ 수술까지” 美전문의 경고한 치명적 습관,Culture
[날씨] 내일 지방선거일 충북 더위 기승…돌풍·벼락 동반 소나기,Culture
"中 59세 여성, 생선 먹다 '낚싯바늘+낚싯줄' 삼켜… 항문 안쪽에 걸려 제거",Culture
닭가슴살 아냐… 근육 만들 때 가장 좋은 음식 1위는 ‘이것’,Culture
'츄파춥스님' 삼보스님 원적…전 재산 30억 기부한 청빈 수행자,Culture
“밥 그냥 삼키니? 제발 천천히 먹어”…음식 꼭꼭 씹어 먹어야 하는 이유 있었다 [헬시타임],Culture
"“어쩐지 클릭할 수 밖에 없는 몸매더라”… 패션 광고 점령한 이 모델, 진실성 논란",Culture
"[뉴스7 날씨] 내일, 더위 계속…내륙 곳곳 소나기",Culture
"한국에서 이렇게 잘 나갈 줄은…중국 車, “싸도 너무 싸” 통했나",Culture
[날씨] 내일 한여름 더위 기승...서울 낮 32도,Culture
중국산 폐암 신약 쇼크…세계 표준 치료의 벽 흔들어 [건강한겨레],Culture
아침 기상 후 가장 먼저 하는 일…커피는 언제 마실까?,Culture
"“다이어트 시작” 선언 김지혜, 공복에 먹는 음식 봤더니?",Culture
몇명 뽑고 어디서 투표하나…지방선거 전 꼭 알아야 할 4가지,Culture
강한 일사·남동풍에 35도 '육박'…서울 한낮 기온 33.5도까지 '쑥',Culture
[날씨] 선거일 낮 더위 계속…내륙 곳곳 소나기,Culture
"소유 ""10년 전 '삼전닉스'에 1억 투자""…최근 수익 얼마?",Culture
"""한국에선 흔한데"" 마지막에 한 방울 넣었더니…해외서 난리난 '한국의 맛'",Culture
“맹장수술이 치매와 관계있다고?”…AI가 찾아낸 뜻밖의 단서,Culture
더워진 바다에 더 빨리 자주오는 '태풍'…올여름 '극한호우'까지,Culture
"""뜨거워진 제주 바다"" 올봄 해수면 온도 역대 2위... 기온도 '4위' 기록",Culture
"45세 손태영, 미국서 '이 운동' 집중… 여전히 탄탄한 몸매 비결?",Culture
"“단군 이래 최고 화가 김홍도, 당대에도 찬사 받았죠”",Culture
"“약속은 약속”...선운사의 결단, 전시는 대박",Culture
지방선거일 32도 올들어 최고 더위…내륙 오후 소나기,Culture
밀가루 음식 삼가야 할 34세女...가리지 않고 멋대로 먹다가 혈액암?,Culture
"피부암, 레이저로 뺐다가 조기 진단 놓칠라",Culture
알고리즘보다 특허…성숙해진 자율주행 시장의 새 경쟁법칙,Culture
"일본 여행길, 태풍 '장미'에 막혔다…항공편 결항 속출",Culture
175년 전 만남부터 명품 도자기·보석 꽃까지…한-프 140년 여정(종합),Culture
"2주마다 비행기 타던 여행 예능 작가, 제주에서 마주한 최악의 밤",Culture
"“노인, 코딱지도 파지 마라” 뇌 망가뜨리는 뜻밖의 습관",Culture
"“이게 23만원?”…‘고가 논란’ 구혜선, 이번엔 1만원대 파우치 출시",Culture
"""파인애플로 살 뺀다고?"" 백지영이 직접 만든다는 '이 식초', 무슨 효과?",Culture
사람들은 왜 분노했나...스타벅스 논란이 남긴 질문,Culture
"열 받은 바다가 부른 '봄 더위'… 5월 중순, 역대 가장 더웠다",Culture
“건강에 그렇게 좋대” 믿고 먹었는데…심장 멈출 뻔한 ‘이 과일’의 배신 [헬시타임],Culture
동물을 위한 나라는 어디에,Culture
더위 먹어서 핑 돈다? 방치하면 사망까지... 어지럼증 위험 신호 2가지 [이러면 낫는다],Culture
현대차 인도 생산차질 현실화…글로벌 판매 5분의 1 생산 '해외 최대',Culture
“엄마 품에 안겼다가 발견”… 28세 女 살린 유방암 신호,Culture
"99세 현역 인간문화재 박선애 선생 ""생명 다할 때까지 제자들과 함께하고 싶어""",Culture
“사공 박명득…” 울릉도 암벽서 조선 수토군 새 각석문 나왔다,Culture
고종이 프랑스 대통령에 선물한 ‘보석 꽃’···140년 만에 다시 피다,Culture
“외식 꿈도 못 꾸던 때 먹은 인생 라면”...‘불닭 며느리’ 고백에 조회수 터졌다,Culture
“눈 좋아진 줄”…앤 해서웨이도 앓은 조기 백내장 신호,Culture
"“건강식인 줄 알았는데, 간 망친다”… 영양학과 교수 의외의 경고, 뭐지?",Culture
400년 전 사라진 거대 야생 소...살아남은 존재 있다,Culture
“무작정 달리면 소용 없어”… 뇌를 깨우고 행복 느끼는 방법 6가지,Culture
“아침에 눈뜨니 침대가 360도 빙글” 한가인 괴롭힌 ‘이 질환’,Culture
올봄 역대 두 번째로 더웠다…1위는 2023년 봄,Culture
"혈압 높은 사람, 운동하면 위험할까?",Culture
역대 2번째 더웠던 봄…5월엔 이른 폭염도 기승,Culture
역대급 뜨거운 바다…올여름 엘니뇨 발생 확률 80%,Culture
금은보화 꽃나무 나란히 피었네…한·프랑스 140년 돌아보는 ‘반화’,Culture
"""30대에 실명"" 앤 해서웨이 깜짝 고백...'젊은 백내장' 원인 뭐길래",Culture
주차장 한구석에서 무릎으로 빚은 ‘하나님의 이름’ 100가지,Culture
"“20대 미모”… 남규리, 매일 ‘이것’ 먹는 게 비결?",Culture
"BYD, '자율주행 사고 전액 보상' 선언…경쟁 축 '기술'서 '신뢰'로 이동",Culture
"잠 못 드는 새벽 2시, 휴지통에 넣은 '숫자들'",Culture
이승환 “구미 세금으로 배상금 지연 이자 12%…내가 다 아깝다”,Culture
"죽은 뒤에야 사라질 고통, 그래도 살아가야 한다…연극 '반야 아재'의 여운",Culture
"""인생 첫 번째 예능""…'AI 깐부' 젠슨 황, '유 퀴즈' 뜬다",Culture
[날씨] 중부 폭염급 더위…남부·제주 비 오후면 그쳐,Culture
"“운동만 하면 체중의 2~3% 빠지지만…심장·혈관엔 좋다, 왜?”",Culture
단백질 70%라는데⋯사람들이 선뜻 못 먹는 이유,Culture
"올해 첫 태풍 영향…제주·남해안 호우, 중부 더위",Culture
"고종의 반화, 이재명의 반화 오마주…140년 이어진 韓佛 우정 전시 (종합)",Culture
"남이섬에서 백담사로, 시 한 편이 눈에 띄었습니다",Culture
탈모 환자 12개월 추적하고 알아낸 사실,Culture
"호텔에서 쓰고 남은 비누, 어디로 갈까",Culture
"춤 대신 말 한마디가 통했다···“헬로우”말하자 수백만 조회수, ‘와우오케이’가 뭐길래?",Culture
[르포] '폐수 없는 제련소' 영풍 친환경 제련의 미래 여나,Culture
"대웅제약, 차임 바이오와 면역질환 치료제 개발·생산·사업화 계약",Culture
"‘AI 황제’ 젠슨 황, 국민MC 유재석 만난다",Culture
"45㎏ 만든 아침 루틴…하지원, 10년째 레몬물에 넣는 가루 정체 [라이프+]",Culture
"""도심 재개발 교회 부지 대토 받았더니 경사면이라면?""",Culture
"커피 각성 효과 오래 누리려면 자몽 주스와 마시라던데, 정말?",Culture
"이규택 전 의원, 40년 정치 현장 담은 회고록 출간...""정치는 권력이 아니라 책임""",Culture
“일본 스모 선수 같다”는 홍현희 과거 모습… 체중이 외모에 미치는 영향,Culture
"""간문맥성 폐고혈압도 간이식 가능""…고위험 환자 생존 길 열렸다",Culture
"""벤츠 중에서도 최고급""…이건희 회장도 탔던 '이 車' [모빌리티톡]",Culture
[2시뉴스 날씨] 태풍 ‘장미’에 제주·남해안 비바람…중부는 33도 더위,Culture
"[단독] ""없으면 안되는 약인데""…퇴장방지약, 5년 새 71건 '퇴장'",Culture
"“미안해요, 이 방법 밖에 없어요”… 그 환자가 ‘존엄사’ 선택한 결정적 이유는?",Culture
“받은 사랑이 많아서”…13년간 쌓은 쌈짓돈으로 장학금,Culture
독감백신 10명중 8명 맞는데…왜 입원환자는 늘 고령층일까,Culture
서울 관광객 3000만 시대 공약 대결…오세훈 '3377' vs 정원오 '착착관광',Culture
"중국차, 미국 진출 왜 어렵나…로터스가 보여준 현실",Culture
"항공료 부담 커진 6월…제주, 2박 이상 체류객에 최대 5만원 지원",Culture
냄새 안 나더라도… 음식 상했다는 신호,Culture
"교회 안 부동산 대화, 전·월세 교인은 말문 막혔다",Culture
마크롱 국빈 선물 ‘반화 오마주’ 원형…140년 전 고종의 선물 공개,Culture
"""울릉도·독도는 우리땅"" 300년도 전에 조선이 울릉도 암벽에 새긴 의지",Culture
"[날씨] 올 최고 더위, 서울 33도…남부 오후까지 비",Culture
“연극은 비싸서 안 본다?”…매출 194% ‘떡상’ 시킨 블록버스터의 저력,Culture
"12세에 생긴 작은 결절, 10년 지나 거대해져 안면 변형까지… 정체 뭐길래?",Culture
"""당뇨 걱정된다면 아침부터 챙겨야""⋯혈당 안정시키는 '이 음식' 정체는?",Culture
"""위고비·수술 다 안 했다""⋯즐기면서 100㎏ 뺀 女, 가장 먼저 버린 '이것' [헬스+]",Culture
[자막뉴스] 긴급재난문자까지 발송...올해 첫 태풍특보에 물난리,Culture
꿀 vs 메이플시럽…칼슘 19배·마그네슘 9배 더 높은 것은?,Culture
소시지 VS 베이컨…굳이 따지자면 어느 쪽이 건강?,Culture
[뉴스12 날씨] 오후까지 남해안·제주 비…서울 33도 더워요,Culture
"넷플릭스 ‘다시, 서울에서’의 그녀, 한국관광 홍보대사 됐다",Culture
땀 흘리면 독소 빠진다고?… 인간이 땀을 흘리게 된 이유는 달랐다,Culture
‘유산균 요거트’ 식전·식간·식후…언제 먹어야 장 건강에 베스트?,Culture
“커피는 오전에만?”… 스타벅스에 오후 손님 몰리는 이유,Culture
나주목사·프랑스 영사 ‘막걸리·샴페인’ 만찬… 그때 그 ‘옹기주병’ 175년만에 귀국,Culture
"에세이 펴낸 요가소년 “몸과 마음이 보내는 신호, 빨리 알아채는 게 중요”",Culture
"""몸속 지방산이 암세포 성장 억제"" KAIST",Culture
"모기 잡겠다며 3200만 마리 푼다…구글의 실험, 정말 괜찮을까",Culture
"큐리언트 항암제 '모카시클립', 유방암 환자 대상 임상 본격화",Culture
4박에 단돈 5만원…누구나 즐기는 비현실적 ‘섬 워케이션’,Culture
"3%대 치솟은 물가…식품업계, '싸고 푸짐하게' 가성비로 돌파구",Culture
코로나 때 ‘암 진단’ 누락…고소득 7개국 5만5000건,Culture
“나트륨 폭탄” 고준희 흡입한 음식의 정체는?,Culture
"현대차 인도법인 ""일시적 생산차질 전망…대체 공급망 모색중""",Culture
‘갑상선 수술’ 환자의 큰 고민거리…“내 목소리 언제쯤 돌아올까?”,Culture
"'다빈치' 장인이 되살린 나무와 꽃…""선배들의 손길 떠올렸죠""",Culture
"젠슨 황, 유재석 ‘유퀴즈’ 나온다…최태원·구광모와 ‘삼겹살 회동’ 어디서?",Culture
"김연경 ‘이것’ 맛있게 먹더니…갑자기 ‘피로감’ 호소, 왜?",Culture
"온코닉 '자큐보', 인도서 미란성 위식도역류질환 3상 성공",Culture
"때 이른 6월 폭염, 수분 96% 채소와 MZ세대 픽 ‘가벼운 보양식’ 뜬다",Culture
디지털 입고 야성 더했다… 한국상륙 30년 포드 익스플로러의 ‘본질적 진화’,Culture
성실했던 청년은 어떻게 빚의 벼랑 끝에 서게 됐나,Culture
사람들은 왜 분노했나...스타벅스 논란이 남긴 질문,Culture
에어프라이어에 ‘이 음식’ 넣으면 발암물질 생겨…피해야 할 식재료 3가지,Culture
"‘30kg 감량’ 비결… 이찬혁이 이수현에게 꼭 하라고 시킨 것, 뭘까?",Culture
"“치매로 이어진다”… 백지연 꼽은 ‘의외의 원인’, 뭘까?",Culture
"“나빠진 신장, 생각·생활습관 바꾸면 치유될 수 있다” [건강한겨레]",Culture
"4일 방한 젠슨황, '유퀴즈'에도 출연…세계 최초 첫 예능 토크쇼",Culture
"26년 만에 SK 떠난 '나비'…노소영 관장, 사간동서 새 출발",Culture
"한다감, 임신 위해 ‘이 음식’ 즐겨 먹었다는데… 뭘까?",Culture
[날씨] 남해상 올해 첫 태풍특보...중서부 한낮 최고 더위,Culture
"BYD ""자율주행 사고 나면 전액 보상""…테슬라와 다른 행보",Culture
"이주명, “스트레스 풀 때 매운 ‘이 음식’ 먹는다”… 뭔지 보니?",Culture
책 안 읽는다더니…베스트셀러는 영화·유튜브·증시가 만들었다,Culture
출퇴근길 지하철 응급환자 구한 분당차병원 의료진,Culture
"젠슨 황, 유재석 만난다‥방한 중 '유퀴즈' 출연",Culture
"""대장암 커도 수술 없이 치료된다… 관건은 암세포가 들어간 깊이""",Culture
노소영 아트센터 나비 재개관…SK빌딩 떠나 사간동으로,Culture
[뉴스타임날씨] 제주·남해안 비바람…서울은 33도로 더 더워져,Culture
‘7말8초보다 싸고 쾌적하다’ 장마 상륙 전 6월 피서지 9곳 [여행+],Culture
"1851년 조선인에 샴페인 주고, 막걸리 마신 프랑스인…‘우정의 술병’ 나왔다",Culture
"“겉보기엔 그냥 안경인데”…AI 글래스, 패션업계 새 격전지로",Culture
“늙을수록 암세포 더 잘 퍼진다?”...‘이 나이’ 때 암 전이 가장 높다,Culture
현대모비스 인도 공장 화재에 현대차 공급망 '긴장',Culture
"비타민에 섬유질, 철분, 엽산까지 골고루...‘이런 식품’ 즐겨 먹었더니 영양 보충 “끝”",Culture
젠슨 황 첫 예능 출연이 ‘유퀴즈’?···방한 후 ‘삼겹살·소맥 회동’ 이어 깜짝 행보,Culture
“한국의 핫플은 궁궐·왕릉”…지난해 관람객 4명중 1명은 외국인,Culture
기관마다 따로 내던 어학성적…한 번 등록하면 5년 간다,Culture
젊을 때 피우기 시작한 담배가 평생 장 건강 위협한다,Culture
“아저씨 다리털 보고 싶지 않아”…‘반바지 출근’ 논란이 드러낸 일본 사회 민낯 [이윤정 기자의 소소월드],Culture
"어지럽다고, 속 쓰리다고 '임의 약물 중단' 위험",Culture
프랑스 대통령이 고종에게 선물한 것은…한·불 수교 140년 특별전,Culture
[930날씨] 제주·남해안 비바람…서울은 33도로 더 더워져,Culture
"젠슨 황, 유재석 만난다…“접시 닦던 소년에서 시총 1위 CEO로”",Culture
같은 동네인데 날씨가 딴판? '날씨 복불복'에 기상청 등판 [지금이뉴스],Culture
태풍 수증기에 제주·해안 호우…중부 33℃ 더위,Culture
"젠슨 황, 유재석 만난다…'유퀴즈' 찍고 총수들과 삼겹살 회동",Culture
대통령도 주목 '강진 반값여행'…청년 오면 최대 70% 지원,Culture
"반도체 안 부럽다…세계가 반한 K-콘텐츠·관광, 수출 효자 산업으로",Culture
"젠슨 황, 유재석 만난다… 전 세계 최초 토크쇼 출연이 '유퀴즈'",Culture
"“가슴 커서 성추행 당해”…유방 축소술 늘어가는데, 국가 지원 어려운 이유 [라이프+]",Culture
27년 만에... 대학 축제에 아줌마가 떴다,Culture
“영화 속 공포를 현실에서”…‘살목지·백룸’ 성지순례 안전 주의,Culture
"세계 시총 1위 CEO 엔비디아 젠슨 황, 유재석 만난다…‘유퀴즈’ 전격 출연",Culture
"미나리 해독·낙지 원기회복, 한국은 藥食同源… 프랑스 와인 스파·체코 맥주 목욕 등도 유사한 전통[정주영이 만난 ‘세상의 식탁’]",Culture
태풍이 몰고온 수증기…제주 한라산·우도에 200㎜ 이상 폭우,Culture
노소영 미술관 '아트센터 나비'…SK 떠나 사간동에 재개관,Culture
뜨거운 국물만 먹으면 콧물 줄줄…‘미각성 비염’ 뭐길래[건강팩트체크],Culture
[날씨] 남해 먼바다 첫 '태풍경보'...서울 올 최고 더위 예상,Culture
"“최대 250만원 할인”…쉐보레, 6월 ‘홈커밍 페스티벌’ 혜택 강화",Culture
"""금융위기 때 깎인 임금 그대로""…뿔난 GM 美협력사 파업",Culture
심장 건강엔 역시 운동...유전적 원인으로 인한 심장병 발생 확률도 낮춰,Culture
태풍 장미 영향 남부·제주 폭우…중부지방은 '낮 33도' 무더위,Culture
"""고환율 시대가 바꾼 여행법""…현지서 돈 안 쓰는 '3無' 뜬다",Culture
"암 치료 후 마음 건강, 어떻게 챙겨야 할까요?[아미랑]",Culture
"140년 전 한국-프랑스 이은 역사, 고종이 보낸 선물은?",Culture
1800km 수로가 만든 시장…15~18세기 중국 상인의 부를 읽다,Culture
명품 도자기·보석으로 만든 꽃…한국-프랑스 140년 우정의 흔적,Culture
"고종의 반화, 이재명의 반화 오마주…140년 이어진 韓佛 우정 전시",Culture
"""가족 3명이 수술·암""…박명수 전 매니저, 병원서 전한 근황",Culture
"노소영 미술관 아트센터 나비, SK건물 떠나 사간동서 재개관",Culture
태풍 수증기에 제주·남해안 호우…중부 폭염급 더위,Culture
"벤츠, 美판매 전면 중단 위기…美의회, 中자본 완성차 금지법 발의",Culture
[날씨] 제주·남해안 호우특보…서울 33도 땡볕 더위,Culture
임신 중 앉아 있는 시간 길어질수록 ‘이것’ 위험 높아진다,Culture
"""시간선택제 공무원에 초과근무 1시간 일괄공제는 부당""",Culture
‘애민(愛民)’과 ‘포퓰리즘’ 사이 아슬아슬한 줄타기 [조선생활실록(實LOG) ⑬],Culture
"팔굽혀펴기 40회 넘는 男은…""심장병 위험 96% 적다""",Culture
역대 세 번째 이른 영향 태풍…제주·남해안 호우,Culture
결국 '백종원 얼굴' 지우나…매출·주가 추락에 간판 바꾸려는 더본코리아,Culture
"[출근길 날씨] 중부, 맑고 더워…남해안·제주 강한 비",Culture
무릎 시큰? ‘팔자 페달링’ 고쳐보세요,Culture
[날씨] 남해 먼바다 올해 첫 '태풍경보'...서울은 '최고 더위',Culture
[날씨] 제주·남부 강한 비…수도권 폭염급 더위,Culture
“아침마다 얼굴 퉁퉁 붓는다면?”… 나트륨 배출 돕는 식재료 5가지,Culture
"한미약품, 릴리에 1.9조 기술 수출…랩스커버리 적용 파이프라인 이전 탄력 받나",Culture
"“수박에 ‘이것’ 뿌리면, 전해질 보충 효과”… 약사 추천, 뭐지?",Culture
"""신약 차별성 구체적으로 확인"" 셀트리온, 신약 개발 역량에 기대감 확대",Culture
"대한산악연맹, 히말라야 미답봉 사트SAT(6,220m)봉 초등",Culture
태풍은 일본으로 갔지만 제주 전역 강한 비바람...추자도.동부권 호우경보 발효,Culture
"이승환, 구미시 항소 분노 “세금으로 이자 12%, 내가 다 아깝다”",Culture
"“벤츠, 너 떨고 있니”…‘한국인 소울세단’ 신형 그랜저, 내릴 때도 뿌듯해 [세상만車]",Culture
"팔굽혀펴기 40개, 심장병 위험 96% 낮춘다...중년 남성 '건강 바로미터' 입증",Culture
"[출근길 YTN 날씨 6/2] 남해안·제주 호우, 남해 동부 먼바다 태풍경보...중서부는 고온",Culture
"[출근길 날씨] 올 최고 더위, 서울 33도…남해안·제주 강한 비",Culture
[날씨클릭] 제주·남부 호우…서울 낮 33도 올들어 최고,Culture
[날씨] 오전까지 남부·제주 많은 비…중서부 땡볕 더위,Culture
남해동부먼바다 태풍경보…6호 '장미' 역대 세 번째 이른 영향 태풍,Culture
“하루 한 숟갈로 살 빼고 암 막는 효과” 달콤한 식품의 정체는?,Culture
“통증 일주일 참았을 뿐인데 고환 괴사”… 72세男에 무슨 일이?,Culture
유류할증료 없는 '크루즈 여행' 핫하네…올들어 예약 350% 급증,Culture
6월 멸종위기 야생생물 '담비'…산림개발 서식지 감소,Culture
[이슬기의 무기가 되는 글들] ‘오빠들’의 선거,Culture
“중년男 팔굽혀펴기 몇 개?”…美하버드 내놓은 ‘건강 척도’에 후덜덜,Culture
"""30대인 줄 알았네""…주름 싹 지운 70대 모델의 '안면 회춘술' [헬스톡]",Culture
[날씨] 제주·남해안 호우경보…서울 33℃ 폭염 수준 더위,Culture
밤샘 개표가 남기는 통증…선거 현장 속 허리 건강 주의보,Culture
"""벌써 푹푹찐다"" 서울 낮 최고 33도...제주·남해안 시간당 20~30㎜ 비[오늘날씨]",Culture
"5년 생존율 17%, 신호도 없는 췌장암…“단 음료부터 줄여라”",Culture
화학자는 ‘볶음 요리’에 어떤 식용유를 쓸까?,Culture
아이유도 앓았던 '개방성 이관증'…급격한 체중감량이 원인? [김효경의 데일리 헬스],Culture
"[기자노트]사과도 똑소리 나는 무신사, 데카콘 자격 있다",Culture
"""제발 샤워기 물로 입 헹구지 마세요""…무심코 꿀꺽했다가 끔찍한 결과 [헬스톡]",Culture
“목에 걸리는 느낌도 조심” 무심결에 지나치기 쉬운 암 증상 4가지,Culture
"“단백질 풍부” 이영자, 아침으로 ‘이 음식’ 먹는다… 뭘까?",Culture
"[오늘의 설교] 방주 안에, 오직 예수 안에",Culture
관성 지출 줄이고 재정 공개 넓히고… 헌금 관리 투명하게,Culture
“섬길 땐 동작 빨라야”… 마지막까지 아름다운 나눔,Culture
"[미션 톡!] “택시 세 대 호출, 요금 대납 이보배씨 찾습니다”",Culture
"“아침에 꼭 먹어라” 20kg 감량한 약사가 추천한 ‘이 음식’, 뭐지?",Culture
"탈북민교회 10곳 중 7곳, 북한 출신 목회자가 이끈다",Culture
"[빅데이터가 점지한 오늘의 운세] 2026년 6월 2일 화요일(음력 4월 17일, 정미일)",Culture
"[헬스&라이프] ""잠은 잤는데 왜 피곤하지?""…수면무호흡증 의심 신호는",Culture
심리학부터 명언집까지… “나는 출판계 다이소”,Culture
전자담배가 금연 도구?… “속지 말고 착각 말자”,Culture
‘이완기 단독 고혈압’ 도입… 하루 소금 섭취량 더 줄여,Culture
"검증된 니코틴 대체제, 올바로 쓰면 끊을 수 있다",Culture
"“어진화가 아버지, 단원화첩 모사하라며 후학 가르쳐”",Culture
"“또 식민지배 당할 것인가, 대만에 묻고 싶었다”",Culture
"[라인W 날씨] 내일, 중부 맑고 더위 강해…남부엔 강한 비",Culture
[류호정의 톱밥 먹는 중입니다] [22] 나에게 허용한 오차만큼은 상대에게도 인정하자,Culture
[유덕종의 아디스 레터] 자식이 부모에게 하는 가장 큰 효도,Culture
"여름철 더 거슬리는 뱃살, 쏙 들어가게 하는 습관 5가지",Culture
“5년 이내 암 위험 3배 높인다”… ‘이 습관’ 고쳐라,Culture
[날씨] 내일 더 덥다 '서울 33도'…제주·남해안 많은 비,Culture
아이에게 관절염이? 열 난 뒤 다리 절뚝인다면…,Culture
‘츄파춥스님’ 삼보스님 지난달 원적…반려견 보리 곁으로,Culture
"태풍 일본 향하지만, 한반도 고온·호우...해상 첫 태풍특보 우려",Culture
"""휴대폰 보다 잠들었다?""… 의외로 내 몸 '여기' 먼저 망가진다, 뭘까?",Culture
"“여름에 찾는 ‘이 음식’, 혈당 쫙 올린다” 의사 경고, 뭐지?",Culture
태풍 장미 북상에 제주·남부 비…수도권은 33도 폭염급 더위,Culture
“녹차 티백 버리지 마세요” 냉장고에 넣으면 천연 탈취제…활용법 4가지,Culture
"[날씨] 2일, 서울 33도 한여름 더위…남부·제주 집중호우",Culture
"“지방 축적 막는다” 백지영, 다이어트 식초 직접 만들던데… 재료 뭐야?",Culture
[날씨/XR] '서울 33도' 올 들어 가장 덥다…제주·남부 비,Culture
"'여성암 1위' 유방암 실손보험금 5년간 20% 늘었다, 왜?",Culture
[이슈날씨] 6호 태풍 '장미' 북동진...제주·남해안 최고 120mm 이상 비,Culture
스마트폰 화면에서 벌어지는 전쟁…뇌를 장악하는 자가 이긴다,Culture
[날씨] 내일 서울 낮 33도 불볕더위‥남부·제주 강한 비,Culture
조선 마지막 어진화가 유품서 김홍도 그림 238년만에 발견,Culture
"태풍 일본 향하지만, 한반도 고온·호우...해상 첫 태풍특보 우려",Culture
[날씨] 내일까지 제주·남해안 많은 비…서울 33도 더위,Culture
"70대 노인, 매일 '이 과일' 4개씩 먹다가 심정지 직전까지… ""몸에 칼륨 쌓여""",Culture
"오스코텍, 美 아지오스에 자가면역질환 치료제 기술이전…최대 1조 규모",Culture
[내일날씨] 남부 '물폭탄'에 천둥·돌풍…'호우주의보' 발령,Culture
심장 건강 지키려면… ‘저녁 7시’ 이후로 하지 말 것들,Culture
"[뉴스7 날씨] 밤사이 남부 강한 비…내일, 서울 한낮 33도",Culture
[날씨] 6호 태풍 '장미' 북동진...제주·남해안 최고 120mm 이상 비,Culture
"샤워기 물로 양치하거나 입 헹구는 습관 ‘NO’…약사의 경고, 왜?",Culture
“매일 먹는 ‘이것’ 뇌 망가뜨린다”…신경과 의사가 먼저 끊으라는 식품 [헬시타임],Culture
6월과 함께 온 초여름 더위… 열대야 작년보다 19일 빨라,Culture
“중년 여성 환자 많아”… 간암 예방하고 살 빼는 습관 3가지,Culture
현대모비스 인도 첸나이 공장서 불…현대차·기아 부품 공급 차질 예상,Culture
현대차 '사용자성 판단' 또 연기…노사 갈등 장기화 우려,Culture
젊은 장내세균 돌려받은 쥐…간암이 생기지 않았다,Culture
"4276억원 선불금 어디로…스타벅스 환불 첫날 매장마다 현금 증액해 둬, 분위기는",Culture
주말 늦잠이 보약?…알고 보니 수명 깎아먹는 '최악의 습관' [건강!톡],Culture
"잠 못 드는 젊은이들, 암 위험 높아지나",Culture
1억1400만원 받는데… 더 달라는 삼성바이오 노조,Culture
남부 중심 곳곳 비 예보…중부는 한여름 더위 '서울 33도',Culture
뇌경색은 골든타임 내 혈관 뚫어야? 질환 유형따라 달라,Culture
"울산대병원 암병원 ""아이온·다빈치 로봇으로 대기 없이 암수술""",Culture
5월 기아만 웃었다…완성차 4사 판매량 4% 감소 뒷걸음질(종합),Culture
“프랑스 밤잼 사려다가 한 시간 순삭”…50일 만에 900만명 클릭했다는데,Culture
“자전거 30분 탔는데 엉덩이 비명”… 초보 라이더 살리는 ‘이 장비’,Culture
"녹차 하루 5~6잔씩 마신 40대女…복통·복부팽만감 부쩍 심해져, 왜?",Culture
중부 ‘폭염’ 남부 ‘폭우’…화요일(2일) 한반도 남쪽 태풍 ‘장미’ 영향,Culture
"중국차, 韓 수입차 판매 3위로 올라",Culture
태풍 '장미' 북상에 한반도 영향…120㎜ 폭우 온다,Culture
"[단독] 고독을 삼킨 프리마돈나, 세상을 끌어안다…호암상 품은 조수미",Culture
"[단독]이인영 전 쓱 대표, 상미당홀딩스 CFO로",Culture
"일본 향하는 태풍 '장미', 수도권에 33도 땡볕더위 만드는 이유는",Culture
아이스크림 먹을 때마다 머리 '지끈'…알고 보니 이것 때문?,Culture
"“아빠가 준 100만원으로 주식”…한유진, 수익률 8000%",Culture
완성차 5월 판매량 전년比 4% ↓… 기아만 홀로 실적 개선,Culture
5월 완성차 5사 판매 66만4370대…현대차 내수 1위 탈환,Culture
"의협, 의원급 수가협상 결렬되자 발끈…""정부가 일차의료 포기한 것""",Culture
“잠 못 자면 20대도 암 위험?”…젊은층 덮친 뜻밖의 경고 [건강을 부탁해],Culture
"[퇴근길 날씨] 중부 오늘보다 더워, 서울 33도…남부 강한 비 주의",Culture
"태풍이 불어넣은 수증기에…제주 ""시간당 30㎜ 강한 비 주의""",Culture
"한미약품, 릴리에 비만신약 1.9조 기술수출..K바이오 한달새 11조원 잭팟",Culture
"기상 관측 이래 가장 더웠던 5월…내일 서울 33도, 6월도 펄펄 끓는다",Culture
"""할머니·할아버지 냄새 너무 싫어요""⋯나이 들어도 안 나게 하는 방법은? [헬스+]",Culture
올해도 탈북민교회 3곳 중 2곳은 북한 여성이 개척했다,Culture
"납작하게 출토된 ‘신라 금관’ 얼굴에 덮었나, 머리에 썼나",Culture
"아스팔트와 실시간 소통… 피렐리, ‘지능형 타이어’ 장거리 테스트 성공",Culture
"국내 완성차, 5월 판매 부진…""기아만 웃었다""",Culture
"불면증 있는 50세 미만 성인, 일부 암 위험 최대 3배[노화설계]",Culture
5평 원룸에 처박힌 청년들의 현실을 만담처럼 풀어내다,Culture
"현대차, 내수 1위 재탈환",Culture
터미네이터 현실화?…우크라에 간 美 ‘휴머노이드 로봇’ 실전 테스트 결과는? [밀리터리+],Culture
"인도 모비스 화재, 현대차 생산 차질 우려 ""공급처 다변화 검토""(종합)",Culture
‘韓 원자력 1세대’가 말한다…파란만장 K원전 일대기,Culture
"“얼죽아 주목” 더울 때 ‘따뜻한’ 커피 마시라던데, 이유는?",Culture
"현대차, 5월 글로벌 판매 32만5473대…부품 수급 차질에 7.7% 감소",Culture
"밥 냉동할 때 식혀야 할까, 뜨거울 때 넣어야 할까?",Culture
"“15년간 암 170번 이겨냈다”… 47세男, 잦은 암 발병 원인 있었다",Culture
"“좀비처럼 걸었다”… 폭염 속 운동, 근육이 보내는 SOS 무시 말아야",Culture
"셀리악병, 장 건강만의 문제 아냐… 심장병·혈액암 위험 ↑",Culture
"책 안 읽는 대한민국, 영화·웹툰만 팔린다…""1020이 마지막 보루""",Culture
"김은호 아들 “어진화사였던 부친, 김홍도 화첩으로 후학 가르쳐”",Culture
"“800잔 마셔도 도전한다”...1만2천명 홀린 메가커피 프리퀀시, 뭐길래",Culture
"'빙수 먹자 머리 띵'…아이스크림 두통, 편두통 위험 신호일 수도",Culture
"스타벅스, 2주간 카드 전액 환불 개시…최대 4000억대 규모",Culture
"월드컵 개최국인데 1만명 확진...""기침만 해도 감염, 백신 꼭"" 당부",Culture
“너무 예쁘고 똑똑해 보였다”…30년 전 길거리 인터뷰 여고생 정체 ‘깜짝’,Culture
"‘병원장’ 많이 배출한 전공, 정형외과 2위… 1위는?",Culture
“차 팔고 조의금까지…” 목사님의 마지막 헌금,Culture
단백질 vs 근력 운동…부모님 근력 유지에 더 중요한 것은?[노화설계],Culture
2박 이상 머물땐 최대 5만원 지원… “개별여행객들 제주 혼저옵서”,Culture
인공지능이 일하면 인간은 해방되는가…AI 시대 노동의 미래,Culture
"""자율주행 레벨3 상용화 쉽지 않아…레벨2+ 고도화 집중""",Culture
[날씨] 내일 서울 최고 더위 예상...밤사이 남부·제주 많은 비,Culture
현대모비스 램프 매각 위로금,Culture
"1인 35역 모노드라마 '나는 나의 아내다', 12년 만에 돌아온다",Culture
"女, 테스토스테론 부족하면 몸에서 어떤 일 일어날까?",Culture
"‘세계 최대 명품 제국’ LVMH 회장 부인, 백화점 아닌 ‘예술의전당’ 찾는 까닭",Culture
김홍도 그린 금강산 사생 초본 10점 나왔다…'해동명산도첩' 계열,Culture
"국립중앙박물관의 아이콘, ‘경천사지 십층석탑’의 저주 [한ZOOM]",Culture
"장송선 헬릭스미스 대표 ""22년 기다린 엔젠시스, 중국서 증명됐다""",Culture
[날씨] 6월 시작부터 여름 더위…제주·남해안 많은 비,Culture
"셀트리온, 민주노총 산하 노조 출범… “노동자 권리 되찾을 것”",Culture
“붕소 부족하면 안 돼”… 매일 ‘이 과일’ 섭취하면 된다는데?,Culture
"내일 서울 33도, 당분간 이른 더위...태풍 '장미'가 불어넣은 수증기에남부엔 많은 비",Culture
"""살 안 빠지는 이유 있었네""⋯똥배·술배 지방 태우고 혈당 관리 돕는 음식은?",Culture
"온코닉테라퓨틱스, 임상종양학회 ASCO서 '췌장암 신약' 임상 발표",Culture
"학교폭력 의혹 휘말린 '솔로지옥' 국동호 측 ""형사 고소""",Culture
"JW중외제약, 피타바스타틴 저용량 복합제 '리바로젯 1/10㎎' 출시",Culture
"치매 위험 높이는 난청…""인공와우, 적기 수술이 결과 좌우""[인터뷰]",Culture
삼성바이오 이직률 '역대 최저'…업계 최고 대우 속 노조는 투쟁,Culture
체온 30분 내 낮추는 ‘맥박점’ 냉각법…영국 적십자가 꼽은 핵심 3곳,Culture
[미션톡]“택시비 대신 내준 청년 ‘이보배’씨를 찾습니다”,Culture
"대장암 환자의 눈물…“음식, 가려서 먹어야 했는데”",Culture
"""김홍도 금강산 초본 238년 만에 세상 밖으로""…'해동명산도첩' 누락 10점 발견",Culture
"고령층 근감소증, 이제 부위별로 ‘콕 집어’ 평가",Culture
"소방 ""한화에어로 사망자 6명에서 5명으로 정정…2명 중경상""",Culture
"""폐만 망가지는 줄"" 담배 피운 골절 환자...1년 후 뼈 사진 '충격 결과'",Culture
"카페업계, '탈벅' 반사이익 경쟁…신메뉴 공세·가격 인상 움직임",Culture
[날씨] 6월 첫날 30도 안팎 더위…제주·남해안 호우,Culture
태풍 '장미' 북상에 제주·남부 비…수도권은 33도 폭염,Culture
아무리 편리해도… ‘이 채소’는 손질 안 된 것으로 구입을,Culture
제주서 2박 이상 머무는 관광객에 여행지원금…최대 5만원 혜택,Culture
“TV와 '이만큼' 떨어져 봐라”…전문가가 말한 최적 시청 거리는?,Culture
"[날씨] 여름의 시작, 30℃ 안팎 더위...제주 최고 150mm 호우",Culture
"현대모비스, 인도 부품 공장 화재…공급망 차질 우려",Culture
한국선 여름에만 이 ‘영양소’ 공짜 섭취?…이때 실컷 저장해둬야,Culture
[날씨] 2일 더위 '절정'…서울 낮 최고 33도,Culture
"""스트레스·불안 때문일까""… 9세 소년 '이것' 먹다 장 막혀, 무슨 일?",Culture
나이 들수록 뿌옇게 변하는 시야···눈부심까지 심해지면 ‘백내장’ 검사받으세요,Culture
"태풍 '장미' 일본 향하지만…제주·남해안 호우, 중부 폭염급 더위",Culture
"[뉴스12 날씨] 6월의 시작, 더위 여전…제주·남해안에 비",Culture
상반기 베스트셀러는 '프로젝트 헤일메리'…소설·투자서 강세,Culture
한강이 연 ‘소설의 시대’ 여전 …상반기 베스트셀러 1~3위 휩쓸어,Culture
“사람은 안 변한다?” 성령의 안경을 쓰면 기질의 약점도 꽃이 된다,Culture
[시니어그룹] 북한 안내통역원이 전하는 북한의 여행 실태,Culture
"""환자 몸에 줄이 사라졌다"" 병동 확 바꾼 AI 웨어러블 '씽크'",Culture
“단종에겐 전하지 못했지만 오늘날 우리에 건네는 얘기”,Culture
"별다방을 잃은 자리, 사랑방을 상상하다",Culture
뜨거운 햇볕에 낮 최고 33도…남부 곳곳 비 [내일 날씨],Culture
"“맹장 터진 줄” 정성호, 극심한 통증에 응급실行… 무슨 일?",Culture
“잘못했다간 동맥 파열” 정형외과 의사가 말리는 SNS 유행 운동,Culture
"골프와 수영의 공통점, 쉰 살 앞둔 물 속에서 깨달았다",Culture
[내일 날씨] 남부지방 곳곳 비…중부는 30도 넘는 무더위,Culture
"“기네스북 해상 전망대 편하게 오른다”…軍, 청라하늘대교 통제 15일 해제",Culture
“게임 속 NPC 해볼까”…롯데월드 알바에 4만명 몰렸다,Culture
[김용삼의 근대사] 항일 언론인 베델의 추악한 정체,Culture
[헤럴딥-백스테이지: 갈 길 먼 ‘모두의 클래식’] 5만원 vs 55만원…같은 공연인데 한국에선 왜 11배로 뛸까,Culture
"""한 병실서 남녀 함께 지내라니"" 잇단 반대에…복지부, 입원실 성별구별 폐지 방침 철회키로",Culture
"서울아산병원, 국내 첫 신장이식 8000례…35년간 말기 콩팥병 환자에 새 삶",Culture
"[날씨] 낮 더위 이어져, 서울 30도…제주·남해안 비",Culture
"""죽음의 유전자가 만성 스트레스 받은 뇌세포 살려""",Culture
"""한두 시간마다 생리대 갈 정도로 출혈 많으면 병원 가보세요""",Culture
"여름철 필수 식재료 소면, 끝까지 제대로 두고 먹는 법",Culture
욕실 청소 스트레스 줄이려면?… 미국서 화제 된 ‘게으른 청소법’의 정체,Culture
방 안으로 밀려난 청년들…'은둔'은 어떻게 삶이 됐나,Culture
"여름철 끈적해진 주방 기름때, 어떻게 청소하지?",Culture
"""성범죄·사생활 침해 우려""… 국민 반발에 입원실 남녀 분리 유지",Culture
[날씨체크] 6월 첫 주도 30도 안팎의 무더운 날씨···강한 자외선 유의,Culture
중고차 허위매물 막는다…남의 차 함부로 광고하면 과태료,Culture
[현장]파티하다 문 열면 공연장…인스파이어 스카이박스 가보니,Culture
"현대차, 하청 사용자성 판단 임박…완성차 노사 관계 변수 될까",Culture
“생존기간 두 배”…췌장암 치료 바꿀 알약 나왔다[노화설계],Culture
"경총 ""도요타는 노조가 먼저 생존전략 고민…한국 노사관계, 이익 분배에 갇혀""",Culture
"성과급부터 미래차 물량까지…완성차업계, 임단협 쟁점은",Culture
<19> 이정의 편지[석한남의 붓길따라 사연따라],Culture
대한민국 최초 연쇄살인마 김대두... 그가 두 달 간 17명 죽인 이유 [유석재의 악인전],Culture
“식습관·생활습관 개선해 신장 투석 횟수 줄이고 만성신장병 벗어나”,Culture
꽃가루 알레르기 시즌 빨라지자…'지르텍' 판매 한달새 69% 증가,Culture
"현대모비스, 인도 공장 화재로 일부 건물 전소…인명피해는 없어",Culture
"장강명 ""하반기 외부 일정 모두 취소…죄송하다""",Culture
올 상반기 베스트셀러 1위는 ‘프로젝트 헤일메리’,Culture
“찬물 샤워가 답 아니었다”…폭염 속 체온 뚝 떨어뜨리는 의외의 ‘이곳’ [헬시타임],Culture
"“비만약 3주차, 생리가 끊겼어요”…무성했던 부작용 루머, 진짜였다",Culture
"장산도에서 1박, 섬 한복판에서 만난 하얀 정원",Culture
"'신장이식 8000례' 돌파한 서울아산병원…""국내 최다 기록""",Culture
[자막뉴스] 바람 방향 바뀌며 서쪽 비상...태풍 비구름에 많은 비 예고,Culture
임금 ·처우 개선해달라더니...삼성바이오 이직률 1.9% 역대 최저,Culture
"[날씨] ""여름 시작부터 뜨겁다"" 내일 서울 33℃...태풍 비껴가도 제주·남해 호우",Culture
"[뉴스타임날씨] 6월의 시작, 낮 더위 계속…오전에 제주도부터 비",Culture
"안과 AI로 심혈관 잡는다…메디웨일, 기술·투자·영업망 '3박자'[문대현의 메디뷰]",Culture
현대모비스 인도 첸나이 공장 화재…현대차 현지 생산기지 ‘비상’,Culture
인간을 부속품처럼 쓰는 시대… 고 문헌은 달리 말했다,Culture
키보드 칠 때마다 찌릿찌릿...손가락 사용 어렵게 만드는 ‘이 질환’ 대처법은?,Culture
"“미국인들, 새벽 3시부터 줄섰다”…올영 美1호점서 고객 쓸어담은 화장품은",Culture
[약손+] 보존하고 완치한다···여성 건강의 적 ‘유방암’ ⑫유방 재건술,Culture
"4박에 단돈 5만원…비현실적인, 섬에서의 워케이션 [트래블ON]",Culture
“야한 기술보다 이게 중요”…여성 2590명이 답한 성생활 만족 조건 [라이프+],Culture
"말기 신부전 환자에 '새 삶'…서울아산병원, 국내 첫 '신장이식 8000례'",Culture
"폐경 후 갑상선암 여성, 지방간 위험 높아…예측모델 개발",Culture
'치매인 줄 알았는데'…걸음걸이 이상이 먼저 나타나는 정상압수두증,Culture
"낮에는 뱃놀이·밤에는 아트쇼…강릉, 체류형 관광으로 '활로'",Culture
"AI가 내놓는 신앙 답변, 얼마나 안전할까?",Culture
낡은 아파트의 노년부터 우주 쓰레기까지…사서가 고른 6월의 책,Culture
"미국인 '오픈런' 뛰게 한 올리브영, 이달 중 LA 2호점 출격",Culture
"“렉서스·도요타 다 합쳐도 BYD 하나 못 이겼다”…중국차, 일본차 첫 추월",Culture
광주 패밀리랜드 새 운영자 공모 유찰…재공모,Culture
‘K-헤리티지’의 힘…이제 궁·능 관람객 4명 중 1명은 외국인,Culture
현대모비스 인도 공장 전소…현대차 공급망 영향 촉각,Culture
"단 5분간 기도 받았더니...통증, 불안증이 뚝 줄어드는 놀라운 건강 효과",Culture
K타이어의 질주… ‘전기차·高인치’ 전략으로 깜짝 실적[자동차],Culture
[날씨] 한낮 30도 안팎 더위…내일까지 제주·남해안 비,Culture
척추질환 치료의 완성은 '재활'… 수술 후 관리가 회복 좌우,Culture
도로 흐름 읽고 충전… 길 막히자 모터 주행… 최고의 갓성비 SUV[자동차],Culture
"[날씨] 6월 여름의 시작, 한낮 더위 지속...제주 최고 150mm 호우",Culture
"대동맥판막협착증, 조기 치료로 생존율 높인다",Culture
종로 4가 창신육회에서 거인을 만났다,Culture
삼성바이오 노사 법정공방 2라운드…가처분 항고심 5일 열린다,Culture
절단 공포 끝나나? 달라진 당뇨발 치료법[밀당365],Culture
"일라이 릴리, 한미 GLP-2에 1조 9000억 원 베팅",Culture
기후위기가 바꾸는 전쟁의 목적…우크라이나 검은흙부터 북극항로까지,Culture
"12월 3일부터 이듬해 4월까지…""'광장 이후'는 왜 다시 위기에 놓이나""",Culture
"제주·남해안 내일 오전까지 많은 비…서울 33도, 남부는 체감 31도",Culture
"이경규가 이끄는 ‘차박원정대’…현대차, 월드컵 응원 콘텐츠 공개",Culture
숙소 예약했는데 갑자기 “돈 더 내라”…한국인 2명 중 1명은 이런 일 겪었다,Culture
‘피임’ 한다지만… 질외사정·월경주기법 의존 여전한 청년들,Culture
선생님은 병동의 오케스트라 지휘자 같아요,Culture
"서점 갔다 깜짝 놀랐다…책 한 권 '2만원' 시대, 참고서는 54% 폭등",Culture
"셀트리온, 코센틱스 바이오시밀러 'CT-P55' 캐나다 품목허가 신청",Culture
김연경도 피하지 못한 '혈당 스파이크'…예방하려면 '이 순서'대로 드세요 [헬스톡],Culture
"한미약품, 릴리에 단장증후군 신약 후보물질 기술이전…총 1.8조 규모",Culture
[오늘의 운세] 2026년 6월 1일 띠별 운세,Culture
"해외선 한번에 7만석…5만석 없는 韓, 축구장 빌려 공연[공연돔 없는 K팝 종주국]",Culture
"법원 ""부당해고…""업무능력 저조로 해고하며 ""경영상 이유"" 통지",Culture
"“쌍둥이 임신, 기쁨 두 배인 만큼 조심할 것도 두 배”",Culture
"""먹고 기운 내려다 힘빠지네""…삼계탕 한 그릇에 2만원",Culture
"매일 먹는 마늘인데…근육엔 직접 안 가고 '지방' 먼저 건드린다, 왜",Culture
"[날씨] 6월 시작, 30℃ 안팎 낮 더위...제주·남해안 '강하고 많은 비'",Culture
중국車 편견은 '옛말'...국내서 처음 日 제치고 '3위',Culture
불법 논란에도 효과는 확실? 서울아산병원 ‘약국 셔틀’ 1년,Culture
충분히 자도 계속 피곤한 이유?…뜻밖의 원인 찾았다[건강팩트체크],Culture
"월간산 추천, 6월에 걷기 좋은 길 4선",Culture
오늘 낮 최고 32도 한여름 더위...남부에 강한 비 ,Culture
“먹자마자 기분이 좋아진다” 주황빛 과육…‘노을 멜론’이 뭐길래,Culture
'만들어 먹어야 되나'…가성비 찾던 직장인들 경악,Culture
"""너무 매워 속 쓰려?""…꽈리고추 매운맛 확 낮추는 '이 방법' 나만 몰랐나?",Culture
"요거트 말고, 프로바이오틱스 풍부한 음식 4가지",Culture
명품 대신 과일잼 판다…29CM '1조 잭팟' 터진 비결 [장서우의 하입:hype],Culture
"[그 영화 어때] 유튜브 바이럴 영상의 공허한 허세, 영화 ‘백룸’",Culture
"""'하트시그널5' 그 일본 어디야?"" 요즘 뜨는 소도시 여행지 ‘도쿠시마’",Culture
"[날씨] 6월 첫날, 낮 더위 이어져...제주엔 '강하고 많은 비'",Culture
낙상 골절 어르신 10년 추적 조사…기대수명은?,Culture
"[출근길 날씨] 낮더위 계속, 서울 30도…제주·남해안 비",Culture
6월 첫 날 '최고 32도' 한여름 더위…제주 강한 비(종합),Culture
[날씨클릭] 전국 대부분 여름 더위…제주 120㎜ 큰비,Culture
BTS 공연 앞 10만원→75만원…방방 뛰는 숙박비 '정찰제'로 묶는다,Culture
"“분유 7번 바꿔도”…수유하면 다 토하더니 13개월 밖에 못산다 는 4개월 아기, 무슨 일?",Culture
[오늘의 운세] 2026년 6월 1일 별자리 운세,Culture
"호두로 인지기능 높이려면, ‘이때’ 먹는 게 좋다",Culture
"""ADC 다음은 방사성의약품?""…K-바이오 새 먹거리 부상",Culture
"'낮 최고 32도 안팎' 한여름 더위…모기 물렸을 뿐인데 두드러기 증상, 대처법은? [오늘 날씨]",Culture
"이영지, 사전투표 날 빨간옷 논란에…""경솔한 행동 죄송""",Culture
태풍 일본 향하지만…제주 집중호우 '강한 너울',Culture
"""한 잔만 마셔도 얼굴 빨개""…김남길 고백한 '음주 홍조' 뭐길래 [헬스톡]",Culture
"中 테슬라 차주 “FSD 믿고 샀는데 광고와 다르잖아”…테슬라, 9억 손배소 휘말려",Culture
“에어컨 끄고 또 눌렀다면?”…전기료 아끼려다 곰팡이만 키운다,Culture
피로·우울감 계속된다면… 다발성경화증 의심 필요,Culture
전국서 흐려도 무더위는 계속…강한 자외선도 주의[오늘날씨],Culture
전자담배가 덜 해롭다고?… “폐도 심장도 위험”,Culture
수억대 선인세…K북 해외판권 잇단 잭팟,Culture
이스라엘 모사드가 아르헨티나서 납치… 재판 후 처형 ‘나치 전범’ 아이히만,Culture
"“집에서 운동해도 충분히 효과 보는 법” 김수미, ‘이것’ 추천하던데?",Culture
"[단독] 김홍도가 그린 금강산 초본 찾았다, 전성기 엿볼 보물급",Culture
“첨성대는 은하수왕 내려온 신궁”… 고대 우주관 정립한 15년 집념,Culture
조선 과거제는 능력주의였을까? 500년 급제자 1만 4천명 분석해보니,Culture
"[칼럼] 3대 공공 발레단 예술감독 자격, 정치적 ‘코드’ 아닌 ‘전문성’ 먼저",Culture
"“뇌에 염증 유발” 신경과 의사가 꼭 끊으라는 ‘이 음식’, 뭐지?",Culture
"""폐업 고민했었는데, 매출 3배""...'부산병' 손님, 바글바글",Culture
인스타 하는 재계 임원 “신앙과 기업 연결 가교 역 희망”,Culture
[가정예배 365-6월 1일] 하나님은 침묵 속에서도 일하신다,Culture
"[박종순 목사의 신앙상담] 금요철야 기도 권유, 어떻게 할까요",Culture
"“아침에 마시면 변 딱딱하게 굳는다”… 약사가 꼽은 ‘변비 주범’, 뭘까?",Culture
"[빅데이터가 점지한 오늘의 운세] 2026년 6월 1일 월요일(음력 4월 16일, 병오일)",Culture
"[날씨] 강릉 벌써 열대야, 역대 3번째 이른 밤 더위",Culture
“책 사러 서점 갔다가 깜짝 놀랐다”…한 권에 2만 원 시대 코앞,Culture
“날씬한데 아랫배만 볼록해”… 중년 뱃살도 쏙 빠지는 음식 5가지,Culture
K팝 스타는 많은데 공연장이 없다… 대관 못해 공연 줄이기도,Culture
"신라 금관, 풀리지 않는 비밀… “머리에 썼나, 얼굴에 덮었나”",Culture
[TV조선] 전신 노화 시계를 늦춰라,Culture
"‘46kg’ 한혜연, 50대에 뱃살 나잇살 없는 비결?… “‘이 운동’ 삼매경”",Culture
"43세 男, 식단 ‘이렇게’ 바꾸고 27kg 뺐다… 비결 보니?",Culture
그로구 귀여움에…스타워즈 모르는 젠지도 빠졌다,Culture
"스타벅스 5·18 마케팅 논란, 사안 본질 파고드는 분석 필요",Culture
[오늘의 운세] 2026년 6월 1일 띠별 운세,Culture
[강헌의 히스토리 인 팝스] [315] 케네디센터에서 철거되는 ‘트럼프’,Culture
[민태기의 사이언스토리] ‘여왕벌’과 ‘수벌’로 시작한 드론의 100년 역사,Culture
"식품업계 대표들 줄구속 사태…거짓말에 휘둘린 ‘우지파동’, 책임은 누가? [미담:味談]",Culture
"“꽈배기 다른 곳에선 못 먹으니까”...K베이커리, 美매장 500개 달성",Culture
“가슴 크다고 남자들이 성추행” K컵 여성 고통받다 결국… 유방축소술 수천만원에도 英서 인기,Culture
“요거트에 넣어 먹어” 해외서 난리난 ‘이것’…체중 감량·암 예방까지,Culture
"올여름, 찜통 위에 물폭탄 얹나…역대급 '이중고' 예고",Culture
알수록 놀라운 김치 효능…장내 미세플라스틱 배출 가능성 확인,Culture
부글부글 가스 차고 빵빵한 배…뜻밖의 ‘이 음식’ 때문?,Culture
"한밤중 ‘어지럼증’…응급실 갈까, 아침까지 기다려?",Culture
[날씨] 6월 첫날도 덥다…자외선 지수 '매우 높음',Culture
태풍 '장미' 한반도 비껴간다…일본 향해 북상,Culture
“전자담배 피우면 살 빠진대” 진짜?…연구결과 봤더니 반전 [헬시타임],Culture
월요일부터 초여름 더위…2일부터는 비[내일날씨],Culture
"""배 아프고 토하더니""…13세 소녀, '이것' 때문에 2주간 혼수상태, 무슨 일?",Culture
5월에 찾아온 '폭염·열대야'⋯월요일 낮 최고 '32도',Culture
"[날씨] 6월 첫날, 때 이른 더위…제주·남해안 비",Culture
[7시 날씨] 내일도 더위 계속…강한 자외선 주의,Culture
“나이 들수록 먹기 싫어도 무조건 먹어라”…‘이것’ 부족하면 걷기도 힘들어져 [헬시타임],Culture
"온열질환, 폭염 속 어지럼증도 응급신호 [9988 프로젝트]",Culture
"고환율에 괌 여행 망설였다면…투어비스, 항공권 10만원 할인 ‘승부수’",Culture
"살빼는 ‘방방이’ 탄 60대女...뼈 골절 탈골에, 무서운 합병증까지?",Culture
"""잠 못 자는 50세 이하, 암 발생 위험 커진다""",Culture
“엄마 카드 써도 증여세 낼 수 있어요”…상속 등 절세 오해 바로잡는다,Culture
5월에 찾아온 '폭염·열대야'…월요일도 낮기온 30도 안팎,Culture
무더위로 시작하는 6월…최고체감온도 31도 안팎 예상,Culture
"일요일 평화를 깬 경고음, 자나깨나 '조심'해야 하는 것",Culture
어르신들만 백내장? 눈 다치면 젊은층도 예외 아니다,Culture
"""20세기 '갑부 도시' 디트로이트가 전 세계서 모은 명작 감상하세요""",Culture
"“맹장 아니었다” 정성호, 극심한 복부 통증에 응급실행… 무슨 일이?",Culture
똑똑해진 그랜저…말로 창문 열고 맛집 검색도,Culture
고기 싫어서 안 먹었더니…영양제로 해결하다 위험에 빠지는 경우?,Culture
"‘이것’ 적게 먹는 노인, 걷기·장보기 힘들어진다",Culture
"""샤워부터 하지 마세요""…폭염에 체온 빨리 낮추는 뜻밖의 부위",Culture
“진료기록은 AI로 다 보내놨어요” 큰 병원 가는 시간 확 줄인다,Culture
"美 건국 250주년 공연, 일부 가수들 보이콧 선언… 트럼프 ""내가 직접 출연""",Culture
저가 커피에 스틱커피까지…고환율에 줄줄이 오르는 커피값,Culture
"[날씨] 내일, 6월 시작부터 여름 더위...당분간 예년보다 더워",Culture
"난임으로 고통 받는 여성 늘어나… “입안 염증 관리 중요”, 어떤 이유?",Culture
[날씨] 전국 30도 안팎 여름 더위…큰 일교차 유의,Culture
"“전립선암 뇌 전이” 70대 男, 겪은 증상 봤더니?",Culture
"“수억 헌금 어디 썼나요”… 교회 재정, 신뢰부터 샌다",Culture
“이 그랜저는 그 그랜저가 아닌데?”…확 달라진 뉴그랜저 타보니,Culture
"“살이 갈수록 빠져”…48kg 송지효, 운동 없이도 살 뺀 비결은?",Culture
"“떡볶이 먹으니 피곤” 김연경 겪은 이 증상, 위험하다는데?",Culture
[날씨] 휴일 30도 안팎 더위…강한 자외선 주의,Culture
[날씨] 내일도 30℃ 안팎 낮 더위 계속...당분간 예년보다 더워,Culture
"""섬유유연제 냄새가 안나"" 아들 전화에 엄마가 알아챈 것",Culture
"정상에 숟가락이 있는 산, 동해안 경치가 끝내줍니다",Culture
"""독감백신도 초고령 맞춤형으로"" 여야·노인단체 모두 꺼낸 '고면역원성 백신' 카드",Culture
기분 좋으려고 마셨는데 병원으로?…의사들 “당장 멈추라”는 이 습관 [헬시타임],Culture
"[날씨] 휴일 맑고 더워…서울 30도, 포항 34도",Culture
무더위에 지친다고요? ‘이 과일’ 챙겨 드세요,Culture
경비 절반 돌려받는 ‘대한민국 반값여행’…굴비의 고장 ‘영광’으로,Culture
"물 너무 많이 마셨더니…심장, 신장 이상으로 고생할 수도",Culture
폭염에 이곳부터 식힌다…체온 뚝 떨어지는 '비밀 지점',Culture
"""운동 열심히 했는데 오히려 독""…60세 이후 피해야 할 습관 4가지",Culture
[날씨] 전국 30도 안팎 여름 더위…자외선·오존 주의,Culture
“완전자율주행? 허위 광고” vs “일부 기능 구현”…테슬라 차주들 ‘집단소송’ 왜?,Culture
"“장이 일직선이야?”…밥 먹고 바로 대변, 정상일까?",Culture
"[날씨] 5월의 마지막 날, 낮 더위 계속...서울 30℃·강릉 34℃",Culture
“치명적으로 귀엽다”…스타워즈 구원투수 떠오른 ‘베이비 요다’,Culture
초코파이도 찔끔 먹던 신수지 “이젠 맘껏 먹고 행복하게 운동해요”[이헌재의 인생홈런],Culture
“참치회 맛 난다” 토마토 맛있게 먹는 ‘의외의 조합’,Culture
"동료와 격한 말다툼 뒤 숨져…법원 ""업무상 재해"" 인정",Culture
"""손 안 씻고 나오나요?""…공중화장실 감염 줄이는 법 [헬스톡]",Culture
"‘이 간식’ 정말 맛있지만… 의사 “혈당 치솟고, 혈관 좁아져” 경고, 왜?",Culture
"박지훈, 항상 ‘이것’ 챙겨 다녀…당뇨 막고 치매까지 예방한다고?",Culture
"[날씨] 올해 강릉 첫 열대야, 낮에도 여름 더위...강한 자외선·오존 주의",Culture
“먹고 싶은 대로 먹고 운동하면 된다고?”...다이어트 망치는 잘못된 속설들,Culture
맥주가 밥줄이었던 남자가 '뒷방'을 연 순간 벌어진 일 [윤한샘의 맥주실록],Culture
"약 먹으면 괜찮던 허리 통증, 알고 보니 암… 英 방송인 겪은 일 보니?",Culture
레이싱 체험에 게임 입혔다…재방문 부르는 9.81파크의 ‘몰입 공식’,Culture
당신은 ‘열망형 잡동사니’를 안고 사나요?…이것부터 버리세요,Culture
“과식하면 머리도 잘 안 돌아가”...‘이런 습관’ 못 버리면 뇌 손상될 수도,Culture
계란 ‘여기’ 넣지 마세요…포장 용기 그대로 보관해야 하는 이유,Culture
[약손+] 보존하고 완치한다···여성 건강의 적 ‘유방암’ ⑪유방암 수술적 치료-액와부 수술,Culture
“개운해서 좋았는데”…탈모 부르는 의외의 여름 습관은?,Culture
“숙취 싹 사라진다”… 짬뽕 대신 ‘이것’ 먹어보자,Culture
"일본 향하는 태풍…한반도는 34도 더위, 첫 열대야",Culture
아삭한 죽순의 반전…‘이렇게’ 먹으면 오히려 위험[알쓸톡],Culture
“왜 안 꺼져” 에어컨 전원 두 번 ‘강제종료’=최악습관…전기료 아끼려다 건강 놓친다,Culture
"亞 최초로 한국 온 데미안 허스트, 한달 뒤 끝나는데…돈값 했을까?",Culture
“선크림 꼭 발랐는데 기미 생겨?”… ‘이렇게’ 발라야 진짜 효과 나온다,Culture
“탈팡했다 말만 하고 다 쓰더라”…쿠팡 매출 끄덕없게 만든 진짜 이유는,Culture
"""다시는 못 할 것 같다""…박미선 항암 16번, '림프절 전이'가 뭐길래 [헬스톡]",Culture
우유·달걀·생선 덜 먹는 노인… “더 빨리 못 걷게 될 수도”,Culture
"“헛헛할 때 먹는다” 한고은 추천한 ‘이 음식’, 뭐야?",Culture
"[돈+Cars] 출근길엔 효율, 주말엔 질주…카이엔 S E-하이브리드 쿠페",Culture
"'뉴 그랜저' AI에게 ""지방선거 어디 찍을까"" 물어봤더니…",Culture
[타보고서] 플레오스 품은 그랜저…미래는 봤지만 사용성은 숙제,Culture
"현대차 AI 글레오에 물었다…오세훈이야, 정원오야? [타봤어요]",Culture
'아빠차' 아니었어?…'판매량 1위' 4050 여성들 푹 빠진 車 [신차털기],Culture
"[시승기] “글레오, 창문 열어줘”… AI 탑재한 ‘국민 세단’ 더 뉴 그랜저",Culture
"[황지향의 CAR톡] ""기다리길 잘했는데?""…신차급 변화 '그랜저' 타보니",Culture
"[시승기] '국민 세단'의 진화, AI로 똑똑해진 '더 뉴 그랜저'",Culture
"""글레오, 창문 닫고 에어컨 켜줘"" AI 탑재로 진화한 '더 뉴 그랜저'",Culture
"[타보니]""말이 통하는 AI와 달린다"" SDV 품은 '더 뉴 그랜저'",Culture
허가병상수 기준 감염관리료에 지역병원 '울상',Culture
“뜨밤 보내다 응급실行”…관계 중 가장 많이 다치는 순간 [라이프+],Culture
"국물도 없고 양도 적어서 ""한 봉지쯤이야"" 했다가 '깜짝'…비빔면의 반전 [맛잘알X파일]",Culture
‘기생충→케데헌’까지… 한국 영화 성장의 주역들,Culture
"“싹난 감자, 바나나 껍질 버리면 손해”…생활 속 재활용 방법 3가지",Culture
"[헬스토크] 없는 물체 보이는 '비문증', 망막박리 탓일 수도",Culture
[르포] 하회마을부터 찜닭골목까지…안동에 번진 '정상회담 특수',Culture
"[르포]""땡큐"" ""셰셰"" 폐업 고민하던 식당, 매출 껑충...외국인 몰리는 부산",Culture
"""뜻밖의 결과에 깜짝"" 좋은 줄 알고 넣었는데…영양소 84% 날려버린 '이 과일'[실험노트]",Culture
"""아빠, '티니핑車' 보러 가요""…한 달새 10만명 몰린 '핫플'",Culture
"공복에 좋다는 사과·블루베리 먹었는데… 결국 탕비실 갔다, 왜?",Culture
위스키·코냑이 세계 무역전쟁의 단골 표적이 된 이유,Culture
"몰염치했던 서울 집주인, 그와의 두번째 만남 [.txt]",Culture
뼈 건강에 좋대서 챙겨 먹었는데…칼슘 보충제의 배신[일터 일침],Culture
큰 심장 혈관 막히면 더 위험? 통념 깨졌다 [헬시타임],Culture
"“아무것도 하기 싫어”…‘침대 좋아’ 당신, 무너진 의욕 되살리려면",Culture
"""시간은 우리 편""이라던 미국은 왜 북한 비핵화에 실패했는가",Culture
이성계가 고뇌 삭이던 절...숭유억불이 삼킨 양주 회암사 [배기동의 고고학 기행+],Culture
그 시절 버스 안내양에게 인권은 있었을까 [주말 詩 한편],Culture
중동전쟁에 중고차 수출 29%↓…영세 수출업자 울상 대기업도 타격,Culture
"[날씨] ""올여름 폭염·열대야 더 심해""...내일부터 폭염중대경보 시행",Culture
"47세 채연, 아직도 흰머리 안 나… ""밥에 '이것' 넣어먹은 효과"", 뭘까?",Culture
"""거의 지방 덩어리, 동맥 막혀""…심장내과 의사가 절대 먹지 않는다는 식품들은?",Culture
"“폐경, 석류 먹는다? 그게 최악” 암 걸린다던 호르몬 치료 반전",Culture
초록불에 진입했는데 웬 과태료? 교차로 ‘꼬리물기’의 함정,Culture
당신도 미친듯이 돈이 많아진다면…결국 ‘영생’으로 눈 돌립니다 [Book],Culture
"형·누나·어머니 줄초상 고통에…오만한 건축가, 겸허함을 배웠다 [Book]",Culture
"“여자는 집에서 살림하는 게 맞지”…이런 사람, 주변에도 꽤 있습니다 [Book]",Culture
"“소년은 아버지의 김밥이 가장 좋았다”…잡초밭 독학 골퍼 김민규, 450억 '억만장자 리그' 입성기",Culture
‘까마귀에 시체가 뜯기고...’ 국군 반란 주동자의 최후 [호준석의 역사전쟁],Culture
"“다이어트에 좋아” 고소영, 아침에 ‘이 음식’ 먹던데… 뭐지?",Culture
"“불 끄고 딱 10분만 봤는데”…어둠 속 스마트폰, 눈 건강부터 흔든다",Culture
“살얼음 육수 다 비우셨나요?”…냉면 한 그릇에 하루치 나트륨 담겼다,Culture
"""피 한 방울로 치매 잡는 시대 온다"" 서울대 의대 교수가 권하는 조기진단 관리법[건강비책]",Culture
다산 정약용이 탈출 도왔지만… 자수해 순교한 중국인 신부 주문모,Culture
"“내장지방 오히려 늘어난다” 다이어트 중 흔히 하는 실수, 뭐야?",Culture
"아몬드 껍질, 벗겨내? 말아?",Culture
"“입에도 대지 말아야” 살빼려면 가장 먼저 끊어야 하는 ‘이 음식’, 뭘까?",Culture
“먹고 싶은 것 먹으면서 살 빼” 금나나 교수 추천한 ‘황금 균형’은?,Culture
"‘10kg 감량’ 홍현희, 무조건 살빠지는 식단?… ‘3가지 조합’ 혈당에 최고?",Culture
"“중년 군살 싹 잡는다” 차인표 짬 날 때마다 한다는 ‘운동’, 뭐야?",Culture
"""중년 뱃살, 굶어도 안 빠진다면?""…40대부터 꼭 챙겨야 할 '이 음식' 5가지",Culture
하루에 방귀 30번 뀌어도 정상일까?,Culture
"'낮 최고 33도' 맑고 더위 계속…벌 쏘임 후 호흡 곤란, '아나필락시스 쇼크' 뭐길래 [오늘 날씨]",Culture
"""뚱뚱해서 안 됩니다""⋯굴욕 당한 女, 1년 만에 63㎏ 감량한 비결은? [헬스+]",Culture
[오늘의 운세] 2026년 5월 31일 띠별 운세,Culture
술도 안마시는데 젊은여성들 암 폭증…뜻밖의 ‘이 공통점’ 있었다,Culture
췌장암 놓쳐 사망한 50대… ‘이 증상’ 간과했다,Culture
“50대 넘으면 ‘이것’ 먹지마세요”…응급실 의사가 경고하는 치명적 음식,Culture
피부 망치는 지름길…샤워할 때 ‘이 습관’ 피해야 하는 이유,Culture
"선풍기 괴담, 사실이었어? 이비인후과 의사 경고 나왔다",Culture
고기만 먹는다고 근육 안 는다…전문가가 꼭 먹으라는 '이 영양소',Culture
"1인당 28억씩 받는다…로또 1등 10명 당첨, 판매점은 어디?",Culture
“두피에도 선크림 발라야 하나요?”…탈모 치료 권위자의 경고 [의사소통],Culture
당신이 좋아하는 '치맥'… 그 나쁜 유혹 [박창희의 비만 Exit],Culture
"<10> 화랑세기의 재발견, 신라를 다시 묻다 [신화에서 선민까지 한민족 정체성의 문화사적 발견-기고]",Culture
무가치함과 싸우고 있는 재수생 딸에게 하고 싶은 말,Culture
“매일 ‘이것’ 3번 먹었다” 세포 나이 23년 젊어…117세 세계 최고령자 몸 분석했더니,Culture
“당뇨병 발생 위험 높다”… ‘이런 체형’ 조심하라는데?,Culture
"'송이연 50살', 막장 웹툰인 줄 알았는데 지독한 문학이었다",Culture
"‘16kg 감량’ 윤승아, 김밥도 그냥 안 먹는다? “‘이것’ 넣은 특제 다이어트 김밥”",Culture
복대·찜질·걷기…허리통증에 ‘독’ 될수도 [건강칼럼],Culture
바지 헐렁해졌다고 미소 짓다간… 내 몸의 '포도당 공장'이 문 닫고 있다 [몸의 오프더레코드],Culture
"입원한 30대女, 마약진통제 써도 두통 심해져... ‘커피’ 끊은 탓?",Culture
'피로가 싹~' 뜨거운 물 샤워만 했는데…전문가 뜻밖의 경고 [건강!톡],Culture
암 재발 소식을 듣고 처음 한 일,Culture
‘몰입감 최고’ vs ‘전쟁이 장난이냐’…‘콜옵’ 신작이 소환한 게임의 윤리,Culture
"“근육 만들려 먹어?”... 고기와 콩, 장 세포도 회복 시킨다",Culture
아픈 딸 둔 아빠에게 ‘2500원 중고차’ 넘긴 김선태…트렁크에 ‘깜짝 선물’까지,Culture
101세 할머니가 밝힌 장수 비결… 역시 ‘이 운동’,Culture
전두환 사면이 尹 계엄 꿈꾸게 했다? 김대중은 대체 왜 전두환을 사면했나[프레시안 books],Culture
고증 오류·역사 왜곡 ‘21세기 대군부인’의 또 다른 문제들,Culture
“강아지는 괜찮다” vs “사람과 다르지 않아”… 햇볕에 화상 입을까?,Culture
자전거가 무릎에 좋다고? ‘이것’ 모르면 무릎 나간다,Culture
"""욕실에 있다면 당장 버려라"" 약사가 알려준 '최악의 염증 물질' 네 가지",Culture
"강남, 포켓몬카드 구입에 5000만원 썼다 “최악의 남편”",Culture
"""40대 아저씨는 로션만 발라도 된다더니""…김 과장의 배신 [오세성의 탈아재]",Culture
법흥사 주지 '대웅당 삼보 대종사' 영결·다비식 엄수,Culture
"왕창 먹는데 47kg 유지? 김윤지, 출산 후에도 날씬 몸매 비결 보니",Culture
“샤워 ‘이렇게’ 하면 절대 안된다”…심장마비·뇌졸중 온다는 경고 [헬시타임],Culture
"“잠 자주 설쳤더니 살 쪘어요”…잠 잘 자야 혈당, 체중 줄인다",Culture
"간판만 지방 이전…길바닥에 버리는 혈세 122억 [반쪽짜리, 지역 문화 이식②]",Culture
만 원어치 채소로 만든 저장식품 세 가지,Culture
“주말 몰아서 운동” 심장은 괜찮을지 몰라도… ‘이곳’은 비명 중,Culture
"'관악산 오픈런' 2030, 이번엔…""이 팔찌 차면 운 트인대요"" [트렌드+]",Culture
“레몬보다 비타민C 10배” 화장품 원료 직접 먹는 40대 동안 비결 알고보니,Culture
“진작 쓸 걸 그랬네”…의사들이 칫솔질 말고도 무조건 하라는 ‘이 습관’ [헬시타임],Culture
"‘800만 신의 나라’ 일본서 외친 “잇츠 오케이, 위드 지저스”",Culture
더위 식히는 빠른 방법… ‘이 부위’ 차갑게 하세요,Culture
"“심적 시련으로 무너진 몸과 마음, 초월명상으로 다시 세웠죠”[양종구의 100세 시대 건강법]",Culture
"""여성은 원래 약하다""? 선사시대 유골이 말해주는 진실",Culture
"[날씨] 다시 낮 더위, 일요일 30℃ ↑...태풍 비껴간다",Culture
"“당장 내일부터 먹어야겠네”…‘이것’ 안 지키는 사람, 우울증 위험이 무려 [헬시타임]",Culture
"[날씨] 5월 마지막 주말, 맑고 덥다...서울 28℃·대구 32℃",Culture
새벽에도 '잠 못드는 밤'…불면증 환자 4년새 11만명 늘었다,Culture
도대체 몇 살이지?...유독 어려 보이는 사람들의 노화 방지 비결,Culture
아이스크림 대신… 아이와 집에서 ‘이것’ 만들어 먹어요,Culture
"항문에 '이것' 넣었다가...""대장 뚫렸다"" 40대남성 엽기행위 충격[한 장으로 보는 건강]",Culture
"욕실 환기 팬, 계속 돌리면 역효과…‘이때’만큼은 꺼야 곰팡이 파티 막는다",Culture
[이슈진단+] 중국은 3분 배터리 교체 경쟁…현대차가 구독형 택한 이유,Culture
"'애플 감성' 담은 페라리 첫 전기차, 7월 성적표 주목",Culture
“텀블러 물만 넣었는데 왜 냄새나지”…원인 중 하나 ‘바이오필름’이란?,Culture
‘쌀’ 박박 씻는 건 옛말…‘전분층’ 보호하며 맛난 밥 짓는 법,Culture
"“끓인 보리차, 상온에 식히면 위험”…여름철 식중독주의보",Culture
오이는 냉장고 넣으면 안 된다?… 의외로 상온 보관이 적합한 채소들,Culture
"피로, 손발 저림, 집중력 저하...‘이런 음식’ 먹어 비타민B12 섭취 필요해",Culture
콩나물 봉지째 냉장 보관?…“빨리 상하는 이유 이거였네”,Culture
"강남역 여성살해 10주기, 성교육은 얼마나 달라졌나 [.txt]",Culture
"‘불닭면 15봉지 9분컷’ 美유튜버, 다음 목표는 한국의 OOO [이설의 한입 스토리]",Culture
사람처럼 호르몬 이상?…‘노령견’ 그냥 넘기면 안되는 ‘이 증상’,Culture
"도쿄돔은 병뚜껑까지 분리… '종합 쓰레기 산' 잠실과 달랐다 [최다 관중의 그림자, 야구장 폐기물]",Culture
"""혈당만 보는 시대 끝""…오젬픽이 바꾼 당뇨 치료 공식 [약전약후]",Culture
"“벌써 물렸다” 모기, 낮에 숨어있는 ‘의외의 장소’ …집 안 사각지대 확인하세요",Culture
"""결심만 몇년째…올해도 못 끊어"" 반복된 금연 실패, '이것' 때문?",Culture
"음식 라벨 칼로리, 믿어도 될까?… 당신이 흡수하는 ‘진짜 칼로리’ 따로 있다",Culture
운동에 과하게 집착했더니 면역이 무너졌다 [박민선의 건강톡톡],Culture
유방암 새로 발병 과반이 60대 이상,Culture
"대부분 예후 좋다고, 모든 갑상선암이 ‘착한 암’일까[톡톡 30초 건강학]",Culture
인간의 무관심이 우리를 살게 하지 [임보 일기],Culture
"""악마 그린 죄 용서해 주세요""…밤마다 간절히 빈 남자의 최후 [성수영의 그때 그 사람들]",Culture
"“냉동 블루베리가 더 좋다?”…생과일보다 영양 더 높다는 뜻밖의 이유, 왜?",Culture
"“염증 유발한다” 화장실에서 당장 버려야 할 ‘3가지 물건’, 뭐지?",Culture
"[헬스토크] ""끼니 거르면 우울 위험 1.5배…불규칙 식사도 위험""",Culture
“넌 지옥에 떨어질 거야”…독설로 일본을 사로잡은 점술사의 비밀[오마주],Culture
"""그냥 담 온 줄 알았는데""…24시간 안에 생사 갈리는 ‘이 질환’[콕!건강]",Culture
"“다리 저릿하더니”…세균 감염 후 못 걷게 된 60대 女 ‘이 병’ 진단, 뭐길래?",Culture
"시인 이안, 블랙리스트 배상금 1300만원으로 ‘집 나간 동시’ 다시 품다 [.txt]",Culture
"“암 위험 낮춘다” 기네스 팰트로 푹 빠졌다는 ‘이 채소’, 뭐야?",Culture
맞는 말 했는데 “너 T야?”…밀려드는 외로움 [.txt],Culture
오늘부터 머리카락을 지키는 사소한 습관은? [안철우 교수의 호르몬 백과사전],Culture
"""포켓몬 잡다가 쓸개 뗐다""…환자복 입고 근황 전한 유병재, 무슨 일? [헬스톡]",Culture
물 한 잔 마시고 햇빛 10분…몸속 염증 막는 아침 습관 6가지,Culture
"55세 고소영, 치매 걱정에 아침마다 ‘이것‘ 꼭 실천…뭘까?",Culture
"中 PHEV 공세에 무역 장벽까지… 현대차·기아, 유럽서 ‘이중고’",Culture
“스무디에 바나나 섞지 마세요”…심장·뇌에 좋은 물질 흡수 방해한다,Culture
[한동하의 본초여담] 부인은 임신을 한 것이 아니라 귀태(鬼胎)였다,Culture
지커가 뚫으면 덴자도 온다…韓 고가 전기차 시장 노리는 中 브랜드,Culture
"일본 출국세 3배, 유럽 입국절차 변경…""여름휴가 전 꼭 확인하세요"" [여행 라이브]",Culture
"정용진, 리치 이기, 이준석 - 주류가 된 일베 멘탈리티의 삼위일체[위근우의 리플레이]",Culture
"""답이 넘칠수록 삶은 더 쉽게 흔들린다""… 소크라테스식 질문과 인지행동치료의 접점",Culture
"'낮 최고 32도'·자외선 지수 '매우 높음'…더운 날 산행, '이것' 주의해야 [오늘 날씨]",Culture
"급성골수성백혈병, ‘유전자 특성’ 맞춰 재발 발생률 낮추다 [건강한겨레]",Culture
"“달아서 피했는데”…수박, 혈당 걱정된다면 ‘양’부터 보세요",Culture
"‘12kg 감량’ 다영, 아침에 ‘이것’ 먹던데… 뭘까?",Culture
"“달걀, 문칸이냐 안쪽이냐”…결국 답은 ‘온도’였다",Culture
1만6천회 유방암 수술 의사…“만원 거지” 자처하는 사연 [건강한겨레],Culture
역사·언어·철학·문명 비평까지… 매년 2~3권 책 출간 수학자 김용운,Culture
"""아빠 담배 냄새 나""…연초 끊고 전자담배? 위험은 '여전' [엑스레이]",Culture
"“과다 출혈 올 수도” 매일 먹는 ‘이 채소’, 끊어야 할 때 있다는데?",Culture
[헬스&라이프] 에어컨 틀자 눈 뻑뻑하고 침침…초여름 '안구건조증' 비상,Culture
"윤혜진, 늘씬한 이유 있었네… 건강식으로 ‘이것’ 먹던데?",Culture
[가정예배 365-5월 30일] 남의 불행을 기뻐하지 않는 믿음,Culture
"“술 마셔도 내장지방 줄었다” 안선영, 체지방만 3kg 뺀다는데… 비결은?",Culture
“결혼예배 때 성찬식… 청년들 축복의 시간 누렸으면”,Culture
"[빅데이터가 점지한 오늘의 운세] 2026년 5월 30일 토요일 (음력 4월 14일, 갑진일)",Culture
"“천연 위고비 효과”… 의사가 꼽은 ‘이 음료’, 정체는?",Culture
[책의 향기]힙한 유머 뒤엔 증오의 비수가…,Culture
팹리스? 파운드리? 반도체 산업의 모든 것[곽재식의 안드로메다 서점],Culture
"“스위스나 갈까”… 존엄한 죽음인가, 절망적 포기인가",Culture
정치 팬덤 주도자·극단 유튜브들이 ‘반쪽 진실’ 만든다,Culture
[TV조선] 지방선거 막판 판세는?,Culture
혈액 순환에 좋다는 ‘징코’ 항혈전제 대신 먹으면 안 돼,Culture
미국은 왜 북한 핵무장 억제에 실패했나,Culture
“주방에 ‘이 물건’ 있다면 당장 버리세요”… 화학자가 ‘간 망가진다’ 경고,Culture
"""간병하다 지쳐 울고 또 울어""⋯140㎏까지 불어난 女, 77㎏ 감량 어떻게 했나? [헬스+]",Culture
다이어트 중이라면 꼭 읽어야 할 '단백질 100g 법칙',Culture
① 여의도 ‘고구마런’···사이다 같은 한강·샛강을 곁들인 '고구마 한 바퀴'[뛸지도],Culture
‘의외의 증상’ 겪고 담도암 진단 받은 女… 무슨 일?,Culture
[날씨] 주말 맑고 한낮 여름 더위…자외선·오존 주의,Culture
"러닝고글, 머리띠로 사용한다고요?…“45년 한국인 얼굴 분석해 만든 선글라스는 달랐다”",Culture
“다이어트 ·혈당 관리에 좋아”…여름에 열무김치 먹어야 하는 이유 5가지,Culture
"""전자레인지 돌리면 영양 반토막?""…의외로 조심해야 할 '이 음식' 5가지",Culture
"“50세 이후 절대 먹지 마라” 의사가 경고한 ‘패혈증 위험 음식’, 뭐야?",Culture
지예은도 투병 고백한 ‘이 암’…2030 늘어나자 의사들 “식단 당장 바꿔라” [헬시타임],Culture
보물 품었던 월광사 실체 드러나…서울 간 탑비 돌아올까?,Culture
"[날씨/XR] 5월 마지막 주말, 맑고 더워…낮 최고 32도",Culture
"“왼쪽 시력 실명?” 앤 해서웨이, 10년 전 ‘이것’ 진단…무슨 일?",Culture
"""한국에 이런 곳이?""…30초 만에 '인생 여행지' 찾은 비결 [트래블톡]",Culture
“호흡 곤란 오기도”… 약 ‘이렇게’ 먹으면 위험하는데?,Culture
[날씨] 당분간 맑고 더워‥'한낮 자외선·오존 주의',Culture
"혈당·혈압·콜레스테롤, 매일 ‘이것’ 조금 덜 먹으면 개선된다",Culture
[날씨] 내일 맑은 날씨 속 낮 더위…자외선 강해,Culture
"""50cm 장어가 직장 뚫고 들어가"" 급성 복막염 쇼크 발생… 대체 무슨 일?",Culture
“아이 원한다면 멈춰야”…정자 해치는 나쁜 습관 3가지,Culture
“오늘 밤부터 샤워 온도는 딱 ○○.○℃”…심장마비·뇌졸중 피하려면,Culture
사람들과 '손절'하면 해방될까 [이지은의 신간],Culture
최선희 “내가 미국인이라면 평양에 맥도날드부터 열겠다”,Culture
태풍 '장미' 일본 오사카 앞바다로 방향 틀어…한반도 영향 피할 듯,Culture
아침 공복에 먹는 양배추 vs 브로콜리…가장 주의해야 할 점은?,Culture
단백질 파우더에 타면 안 되는 보충제 5가지,Culture
돈으로 죽음을 정복하려는…실리콘 밸리의 억만장자들[북스&],Culture
"“이러니 말랐지”…윤혜진, 딸과 먹는 ‘살 안 찌는 고기’ 뭐길래?",Culture
주변에 뭐라도 팔아보며 '창업전 자기검증'을,Culture
"주말에만 맥주 18캔 마신 40대男...급성췌장염에 합병증까지, 왜?",Culture
"""술 깰 때쯤엔 이미 늦었다""… 금요일 밤, 당신의 '남성성'이 영구 훼손되는 순간 [몸의 오프더레코드]",Culture
"“여름마다 찾는 이유 있었네” 매실, 건강 효과 살펴보니",Culture
"[단독] '킴 카다시안 속옷' 스킴스, 연내 강남 단독 매장 낸다",Culture
왜 “수명은 심박수 15억번까지”일까?...건강에 활용할 팁은,Culture
"“암 증식 억제한다” 최화정 즐겨 먹는다는 ‘이 음식’, 뭐지?",Culture
[단독] 현대차 ‘로봇기술 끝판왕’ 손까지 직접 만든다…그룹 시너지 폭발,Culture
AI는 테크 거물들에게 '영생'을 가져다 줄 수 있을까 [책마을],Culture
"매일 쓰는 이어폰, 청력 생각한다면 ‘이렇게’ 관리를",Culture
머리를 눈썹에 심었을 때 생기는 변화,Culture
"“밤마다 종아리가 ‘찌릿’”... 몸속 ‘이것’ 부족 신호, 해조류가 좋다고?",Culture
심부전 완치에 도전…'유전자 치료' 첫 인간 대상 임상 착수,Culture
"“40대 맞아?” 맹승지, 탄탄한 글래머 몸매 뒤엔 ‘이 루틴’ 있었다",Culture
"위고비는 성욕을 높일까, 낮출까?…“성격 변화 유발” 과학적 입증 [라이프+]",Culture
"""불멸을 팝니다"" … 실리콘밸리가 푹 빠진 '수명구독' 서비스",Culture
"""백인 아이 낳기 챌린지 동참을""…알고리즘 파고든 인종주의자들",Culture
신의 눈에 힘주는 BYD…자율주행 사고 시 전액 보상,Culture
“혈관 막는다”… 심장 전문의 절대 안 먹는다는 ‘이 음식’,Culture
“어머님이시라고요?!” 런웨이 접수한 60대의 반전 일상 [요즘으른들],Culture
검붉고 주름진 '이것' 몇 번 먹었더니⋯중성지방 낮아지고 묵은 변도 잘 빠져 나와,Culture
"""180㎏까지 찌고 절망했는데""⋯패스트푸드 '이렇게' 먹고 118㎏ 감량한 女 [헬스+]",Culture
"""12분에 97% 충전""…BYD, 영하 30도서 초고속 충전기술 시연",Culture
"이호선 “신앙으로 답하기 전, 고통부터 들어야”…기독상담을 듣다",Culture
"“절대 일어나선 안 될 일” 멀쩡한 대장 제거한 의사, 대체 왜?",Culture
알츠하이머 단백질 쌓였는데 치매 없었다…'버틴 뇌'의 비밀,Culture
"“온전한 내 선택 없었다” 43세 김민정, 반가운 근황… ‘이 운동’ 동안 비결?",Culture
"유럽 전기차 살아난다…기아, EV2 흥행으로 반등 신호탄",Culture
"이건희는 왜 ""다섯 번 왜""를 물었나…세종 ""억울한 백성이 없게 하라""",Culture
[이야기로 만나는 약선(藥膳)] 이름만 들어도 침이 고이는 '매실(梅實)',Culture
“나를 위한 날”이라며 요즘 사람들 하는 것 봤더니?,Culture
"""테슬라 사이버캡과 달라""…웨이모, 새 로보택시 ‘오하이’ 공개",Culture
한국인 소울푸드인데…“발암물질로 돌변” 암 전문가가 경고한 ‘의외의 음식’ [헬시타임],Culture
"노벨상 도전했던 ‘콩 박사’ 함정희 씨, 장기기증으로 5명 새삶",Culture
서소문고가 상판 5시간 만에 철거 완료…경의중앙선 내일 첫차부터 운행 재개,Culture
"“텀블러 열었다가 ‘펑’?”…매일 쓰는 텀블러, 더운 날에도 괜찮을까?",Culture
"BYD ""도심 자율주행, 사고 시 전액 배상""…매일 2억km 달린다",Culture
"“52세 맞아?”…정혜영, 나잇살 제로 탄탄 몸매 비결은 ‘이 운동’?",Culture
하루 운동하고 사나흘 골골… 근육통 줄이려면?,Culture
[날씨] 당분간 전국 맑고 더워…강한 자외선·오존 주의,Culture
"[시승기]도심 스며든 오프로더, 지프 더 뉴 랭글러 사하라의 '반전 매력'",Culture
“중국도 안 베끼겠네” 페라리 루체 쇼크…전기차 디자인 왜 어렵나,Culture
"의사가 생각하는 ‘산후조리원’ 역할, 현실과 많이 달랐다 [의사들 생각은…]",Culture
"""탐방 안전하고 편해져"" 2년 5개월 만에 재개방되는 제주 만장굴",Culture
"팩폭 대신 꿀팁…구글 인공지능(AI) 제미나이, 퍼스널 뷰티 컨설턴트가 된다",Culture
"[티조AI] ""커피 마셔도 잘 잔다고?""…당신의 뇌는 속고 있다",Culture
“세계에서 가장 위험한 국물 요리”… CNN이 꼽은 한국의 ‘이 음식’,Culture
[2시뉴스 날씨] 강한 자외선…주말에도 더위 계속,Culture
“많이 사놔도 영양 손실 걱정 없어” 냉동해도 괜찮은 의외의 채소들,Culture
아빠의 파킨슨 악화 이후 우리 집에서 사라진 다섯 글자,Culture
"""50만원 더 안내면 예약 취소""…또 시작된 횡포",Culture
당뇨병은 전조 증상이 없다…췌장 망가지기 전에 꼭 잡아야 하는 이유?,Culture
"칸의 환호 뒤 남은 질문…누가 다음 K-무비를 이끌까 [칸, 다음 K무비를 묻다③]",Culture
"[자동차 AI, 양산과 최적화] ③ 왜 돈 버는 데 오래 걸릴까",Culture
"‘동물권 소송’ 상징 코끼리 ‘해피’, 50여 년 동물원 삶 끝내고 눈 감다",Culture
“매일 아침 검은콩차 한 잔”…우리 몸에 일어나는 일은?,Culture
출근만 하면 배가 '부글부글'…4주간 '이 과일' 먹자 벌어진 일 [건강!톡],Culture
[IN서치]'조금은 낯선' 동남아 여행지…브루나이의 매력은?,Culture
"남산 순환버스는 전기차, 시티투어는 내연기관…'청정 남산'의 예외",Culture
[신간] 엘르 패닝 주연 드라마 원작…'마고가 돈 문제에 대처하는 법',Culture
"껍질에 난데없는 검은 가루가 묻은 양파, 먹어도 되나",Culture
아기 낳고 이웃에게 떡을 돌렸다는 아들,Culture
"“혈당·염증 잡는다” 주방에서 흔히 쓰는 ‘이 식재료’, 뭘까?",Culture
"“여자도 여자 얼굴에 반한다”…150만 건 얼굴 평가했더니, 여자 외모 남녀 모두에 매력적",Culture
"[날씨] 맑은 하늘에 기온 '쑥', 서울 28℃...자외선·오존 강해",Culture
"단 음식, ‘이 때’ 먹어야 그나마 낫다",Culture
[날씨] 서울 낮 28도 초여름 더위…낮 더위 당분간 계속,Culture
"[털보기자의 '그사람']강정선 대구예총 회장 ""대구 문화 재도약""",Culture
[날씨] 사전투표 이틀 내내 맑고 덥다...경남 한때 약한 소나기,Culture
[뉴스12 날씨] 낮 서울 28도 더 더워져…강한 자외선 주의,Culture
"한가인, 냉장고에 ‘이 음식’ 꼭 넣어둔다는데… 뭐지?",Culture
"나홍진, 박찬욱 넘었다…‘호프’ 한국영화 최고 해외 선판매 기록",Culture
"""커트 9000원이라더니""…이지현 미용실 가격표 논란에 게시물 삭제",Culture
'입 속에 치약 쭉'…스포츠 스타 양치법에 의사들 '경고',Culture
“절친에게도 감추고픈 성공 비결”…‘국내 최초’ 운전자를 위한 ‘마이(MAI) 경제 비서’,Culture
[의학칼럼] 회전근개파열 치료법 달라지고 있다… 재파열 막으려면?,Culture
"나홍진 ‘호프’ 칸 트로피 놓쳤지만, 해외 선판매 최고가…흥행 기대감 높였다",Culture
태풍 ‘장미’ 일본으로 꺾였다…주말엔 강릉 33도·포항 34도,Culture
"직장에서 '독한 여자'가 되는 이유, 신간 <왜 여성은 일할수록 불리해질까>",Culture
"'백인 우월주의' 피해 토머스 제퍼슨 저택에 숨어든 이웃들, 신간 <나의 몬티셀로>",Culture
“장아찌에 ‘이것’ 넣어보세요”… 나트륨 줄이고 살 덜 찌는 방법?,Culture
"김아랑, 은퇴 후에도 ‘이 음식’은 피한다는데… 뭐지?",Culture
"“젊어지려다 뇌 손상?”…유행 중인 항노화 약물 조합, 뇌 망가뜨릴 수도",Culture
‘파묘’ 속 MZ무당 화림·봉길은 어떻게 만났을까···새 웹툰 ‘맹종’,Culture
"온코닉테라퓨틱스 자큐보, 中헬리코박터 제균요법 임상 3상 진입",Culture
태풍 '장미' 막는 뜨거운 고기압…주말 33도 더위,Culture
"단백질 부족 노인, 근력 떨어져…화장실 이용 힘들수도[노화설계]",Culture
나홍진 영화 '호프' 굿뉴스...최고가 판매로 순제작비 절반 회수,Culture
소유 “10년전 1억 넣은 삼전·하닉 덕에 내집 마련”,Culture
"“1개 125원, 쟁여놨던 맥심 팔아요”…커피값 부담되자 활발해진 ‘이 것’",Culture
"""100m만 걸어도 헉헉, 어깨까지 뻐근""…밥만 물 말아 넘기면 큰일납니다",Culture
[날씨체크] 주말 최고 체감온도 31도 안팎···자외선 차단제와 양산 챙기세요,Culture
"""돼지기름 먹고 뼈 건강 챙기세요"" 믿었는데…부당 광고 눈살",Culture
"5월에 탐나는 제철 오이, 어머니가 알려준 비법",Culture
병원 입원실 ‘남녀 구분’ 의무 없어진다… 의료법 시행규칙 개정 추진,Culture
천만 영화 ‘파묘’ 이전 이야기 담았다…스핀오프 웹툰 ‘맹종’ 연재,Culture
60대 후반에 박사 딴 엄마…5명에 새 삶 주고 떠나,Culture
"춘향이 버선발부터 주인 구한 개까지, 옛길에 담긴 이야기",Culture
"맹승지, 완벽한 몸매 비결? “매일 ‘이것’ 챙겨 먹는다”",Culture
"'테슬라 천하' 된 수입차 시장…독일 3사, 韓 존재감 방어 총력",Culture
“주스로만 마시기 아까워”…냉장고 속 비트로 만드는 초간단 요리 [FOOD+],Culture
"‘48kg’ 송지효, “살 조금씩 계속 빠진다”… 방법 봤더니?",Culture
"안락사, 존엄사, 조력임종… 전부 다른 뜻인 거 아셨나요, 신간 <깨끗한 죽음이라는 환상>",Culture
"나홍진 ‘호프’, 200여 개국 선판매…한국 영화 역대 최고가",Culture
"파타고니아 창업자를 괴롭힌 '착한 기업' 딜레마, 신간 <더트백 억만장자>",Culture
[날씨] 사전투표 이틀 맑고 덥다...경남 오후 한때 약한 소나기,Culture
로봇이 다리 꼬아 '라보나 킥'…손흥민도 감탄한 아틀라스 축구실력,Culture
[뉴스타임날씨] 전국 맑고 초여름 더위…자외선·오존 주의,Culture
"“죽음도 정복”… 억만장자와 AI가 만났다, 신간 <불멸의 설계자들>",Culture
"“역사 지우면, 무대도 없다”…문화예술계 판도 바꾼 관객의 품격",Culture
일본으로 꺾는 태풍 '장미'.. 한반도 비껴갈 듯,Culture
"“체중 관리에 도움” 정려원, 아점으로 ‘이것’ 먹던데?",Culture
‘이것’ 하면 췌장암 위험 10배까지 증가...당장 개선해야 할 나쁜 습관들,Culture
중국산 전기차 캐나다 상륙…미국 車업계 긴장,Culture
서소문 사고에 열차 운행률 74%…코레일 “주말에도 감축 운행”,Culture
"만성질환 약 먹는 사람, ‘이 음식’ 조심하세요",Culture
[930 날씨] 전국 맑고 초여름 더위…자외선·오존 주의,Culture
"‘불닭 어머니’ 김정수 부회장, 유튜브서 눈물 흘린 사연은",Culture
"“200억 기부 안 아까워…현금은 140만 원뿐” 김장훈, 거짓말 탐지기 앞 고백",Culture
"집념의 아틀라스, 라보나 킥 성공 후 '손흥민 세리머니'…엄청난 유연성 '깜짝'",Culture
버려진 병아리 '계순이'가 아파트 마스코트 된 사연,Culture
박혜진 국립오페라단 단장 “인사 논란 억울…준비된 단장” 취임 일성,Culture
"친정 엄마가 준 혼수 이불, 수십 년 만에 빛 본 사연",Culture
“사이 멀어질 수도”… 사춘기 아이에게 ‘이 말’만은 하지 마세요,Culture
[날씨] 전국 맑고 더워…한낮 서울 28도·대구29도,Culture
‘영생’을 돈으로 살 수 있을까… ‘불멸’ 향한 테크 거물들의 열망[북리뷰],Culture
"메마른 땅·녹아내린 만년설… 기후변화, 전쟁의 불씨가 되다[북리뷰]",Culture
불안감 · 자책에 치인 세 여자의 ‘못난 일상’[덕후의 서재],Culture
“삼겹살 먹고 며칠째 속쓰림”…3040 위장 노화 신호와 피해야 할 음식 6가지,Culture
"윤여정, 폴 매카트니처럼 활동적으로 살려면...‘건강한 노화’ 위해 해야 할 것들",Culture
"커피 마시며 기분 전환?… “되레 우울증 심해졌다” 반전, 왜?",Culture
성큼 다가온 여름…주말까지 맑고 더운 날씨,Culture
알배추만 있으면 우리 집도 브런치 레스토랑~[밀당365],Culture
평안한 죽음은 돕지 않고 존엄사만 말하나,Culture
"셀트리온, '4중 작용' 비만약 영장류 시험 돌입…내년 IND 제출 목표",Culture
[날씨] 주말까지 맑고 더워…오후 한때 경남 소나기,Culture
돌멩이와 함께 근심·걱정도…금당도 에메랄드빛 바다로 ‘풍덩’,Culture
[출근길 날씨] 주말까지 맑고 더워…출근길 서쪽 짙은 안개,Culture
"[출근길 YTN 날씨 5/29] 사전투표 첫날 초여름 더위, 서울 28℃...아침까지 서쪽 '짙은 안개'",Culture
커피보다 낫대서 자주 마셨는데…“당류·카페인 폭탄” 무서운 결과 나왔다 [헬시타임],Culture
“블루베리 스무디에 ‘이 과일’ 넣었다간 영양소 84% 파괴”,Culture
칭거봉 등정을 위한 필수 전초전 [중국 쓰촨성 트레킹],Culture
"“요즘 팟캐스트, 듣기만 하니?”…오디오 콘텐츠, 경계를 넘다",Culture
"""지능도 의지력도 운의 영역…불평등은 불합리한 비극""",Culture
[날씨] 전국 맑고 낮 더위…강한 자외선·오존 주의,Culture
"슬림 몸매 백예린, ""부기 빼는 덴 '이 차' 최고""… 실제 효과 있다고?",Culture
"주말 기온 30도 훌쩍…여름맞이 옷정리, ‘이렇게’ 해야 냄새 안 난다?",Culture
"코레일 ""29일 열차 운행 횟수 542회…평소 대비 193회 감소""",Culture
“바가지 신고에 과징금의 10% 포상금”···BTS 부산 공연 앞두고 총력전,Culture
"건강하던 40대 女, 출근길 갑자기 의식 잃었다… 원인은 ‘이것’",Culture
"[그 영화 어때] 사랑한다면 나를 지배해줘, 영화 ‘뒷자리에 태워줘’",Culture
"열대야 잦은 제주, 올여름 '열대야주의보' 얼마나 발령될까",Culture
[빵 굽는 타자기] 하루 덜 일해도 세상은 돌아갈까,Culture
"[날씨] 한낮 초여름 더위,큰 일교차...아침까지 서쪽 '짙은 안개'",Culture
[날씨] 당분간 전국 맑고 더워…자외선 매우 높음,Culture
잉카 제국의 마지막 황제의 몸값은 '금 6톤'…문명을 흔든 황금 이야기,Culture
광주의 오래된 벽을 유심히 보는 까닭 [장일호의 ‘연대하는 책’],Culture
[출근길 날씨] 출근길 짙은 안개…주말까지 맑고 더워,Culture
오키나와 향하는 태풍 '장미'…한반도 영향은?,Culture
‘8kg 감량’ 김소영 추천 다이어트 식단… “배부르고 맛있다”는데?,Culture
[날씨클릭] 당분간 전국 맑고 더워…서울 28도·대구 29도,Culture
“아침 식사로 매일 ‘이것’ 먹었더니 벌어진 일”…달걀보다 단백질 2배 풍부한 식품 [헬시타임],Culture
"""20대 삼전·하닉 신혼부부, 16억 집 사러 왔어요"" 알고보니…",Culture
정부가 손 뗀 삼성바이오 노사…다음주 '갈등' 장기화 분수령,Culture
"“독감 걸린 후 갑자기 몸 못 움직여”…전신 마비된 14세 소녀, 무슨 일?",Culture
"‘7kg 감량’ 장재인, 갈비뼈 선명한 뼈말라 몸매…‘이것’ 끊고 살 빠졌다고?",Culture
"'낮 최고 28도' 초여름 무더위 계속…외출 후 가렵고 붉은 발진, '이 알레르기' 의심 [오늘 날씨]",Culture
[유석재의 돌발史전 2.0] MZ가 박정희를 재소환하는 이유? “목표와 자신감을 찾을 수 없어서”,Culture
美 공장 매각한 지누스… 인니 생산 집중에 관세 부담 우려,Culture
푹 자고 일어났더니 1kg이 빠졌다? [살빼기록],Culture
‘힙한 극우’는 어떻게 청년을 끌어들이나···‘스벅 사태’가 보여준 위험한 문화정치[책과 삶],Culture
“맛없고 비싸”…고속道휴게소 민영→공영 도돌이표의 내막,Culture
"지예은 ""0.1㎝도 전이될 수 있어""…갑상선암이 무서운 이유 [헬스톡]",Culture
"[날씨] 맑은 하늘에 강한 자외선…전국 낮 더위, 서울 28도",Culture
"[Cooking&Food] 건강·재미·경험을 다 맛본다, 스무디 열풍",Culture
"[Cooking&Food] 제철 토마토, 익혀 먹으면 영양·맛 2배",Culture
[Cooking&Food] 식당엔 없다…볼품 없지만 맛있는 김치밥,Culture
주말 맑고 더워…태풍 '장미' 오키나와로 북상,Culture
“전자담배? 당연히 금연하려고 피죠”…흡연자 43%의 ‘위험한 오해’ [헬시타임],Culture
"미국선 SF, 여긴 리얼리티…한국계 작가의 ‘여성 신화’ 다시 쓰기 [.txt]",Culture
100년 경제史서 찾은 혼란 해법 “트럼프를 빼라”,Culture
10대 아들 “맑은 혈장” 이식한 억만장자…‘영생 산업’은 진보일까 [.txt],Culture
직장 내 보이지 않는 편견… 왜 여성은 다시 증명해야 하는가,Culture
세월을 품은 절집… 속세는 지워지고 산세만이 남았다[박상준의 문장 여행],Culture
“네가 무슨 번아웃?”…10대 현실은 전쟁터다 [.txt],Culture
"말기 환자의 제거 안 되는 ‘콧줄’, 연명의료 제도 모순 드러내다 [건강한겨레]",Culture
"‘니코틴 패치+금연 껌’, 적절히 쓰면 금연 성공률 27% 높아진다 [건강한겨레]",Culture
"고친 흔적 가득한 시, 착잡한 낙서…윤동주 공책에 남은 불안과 고민 [.txt]",Culture
"“미국의 자만과 공감 부족, 북핵 위기 키웠다” [.txt]",Culture
"“쩐내 나는 견과류, 그냥 드셨나요?”…볶아도 안 사라지는 1군 발암물질",Culture
한국인 처음 에베레스트 정상에… 31세에 ‘영원한 산사람’으로 고상돈,Culture
“당뇨 있으면 과일 끊어야 하나?” ‘이렇게’ 먹으면 안심,Culture
철거위기 이겨낸 ‘밥퍼’… “K나눔의 거리 만들고파”,Culture
수많은 생선 썩히며 새로운 맛 찾았다… 목포 셰프의 '피시 샤퀴테리' 도전기,Culture
“혈당 폭발한다”… 약사가 꼽은 ‘의외의 음식’ 3가지,Culture
"멀어져야 보이는 깊은 산세, 천년의 풍류… 눈 앞에 펼쳐진 한 폭 수묵화[Weekend 레저]",Culture
"""눈 튀어나오고 겹쳐 보여""… ‘갑상샘눈병증’ 초기치료가 관건[Weekend 헬스]",Culture
"[한입 상식] 과일 주변에, 배수구에…여름 불청객 ‘날파리’ 퇴치법",Culture
"""마이클 잭슨도 못 피했다""…춤추다 망가지는 '이 부위' [김효경의 데일리 헬스]",Culture
[역경의 열매] 박희용 (15) 죽음 문턱에서 더 뜨거워진 말라위 영혼 구원의 소망,Culture
[오늘의 설교] 하루의 은혜로 사는 인생,Culture
"AI 일부 모델, 이단 주장 종말론까지 답습했다",Culture
"“포만감 최고” 16kg 감량 홍현희가 택한 ‘이 음식’, 뭐지?",Culture
"[빅데이터가 점지한 오늘의 운세] 2026년 5월 29일 금요일(음력 4월 13일, 계묘일)",Culture
"“혈당 올리고 잠 방해” 몸에 스트레스 쌓는 ‘이 음식’, 뭘까?",Culture
“넷 키우며 떡집 새벽출근… 양가 가족들 덕분에 가능했죠”,Culture
"강물엔 경계가 없다, 북 가마우지 한쌍 날아왔다",Culture
[팀 알퍼의 런던 Eye] [38] 한·영은 왜 폭군에 집착하나,Culture
[날씨] 출근길 서쪽 안개 주의…목요일 맑고 자외선 강해,Culture
[박성민의 정치 포커스] 엎치락뒤치락 선거판 5大 관전 포인트,Culture
“시원하고 맛있는데 살 안 쪄”…여름철 다이어트에 좋은 음료 5가지,Culture
"김남길, “술 한 잔만 마셔도 얼굴 빨개져”… 왜 그럴까?",Culture
“일찍 귀가해야겠네”…지하철 2호선 홍대입구~을지로입구 막차 조기 종료,Culture
[날씨] 밤 한때 수도권 약한 비…내일 아침 서쪽 짙은 안개,Culture
"CNN ""세계서 가장 위험한 국물""…한국인은 해장으로 먹는다",Culture
"“화장실서 비데 ‘이렇게’ 쓰면 위험, 당장 멈춰라”…세균 범벅될 수 있다는데 [헬시타임]",Culture
베이핑·전자담배로 금연 가능할까...“80%가 다시 연초로” [건강한겨레],Culture
"“주방 도구에도 수명 있다”…‘이것’ 발견되면 당장 교체해야, 왜?",Culture
[뉴스9 날씨] 내일 맑고 더워…강한 자외선 주의,Culture
태풍 '장미' 한반도 비껴갈 듯…역대 태풍 피해에 불안감 여전,Culture
"""놀고먹다 공고 나와서 '성과급 6억'""…삼전 직원 자랑 글 '시끌'",Culture
[이슈날씨] 올여름 러브버그 서식지 더욱 넓어진다?...당분간 때 이른 더위,Culture
"유튜브 출연해 눈물 흘린 '불닭의 어머니'…""어머님, 아버님 우지라면 편하게 드세요""",Culture
"'특수교사 고소' 주호민 ""갑질 학부모 돼 나락…사방에서 두들겨 맞았다""",Culture
[날씨] 당분간 대체로 맑은 날씨‥낮 기온 점차 올라,Culture
커피 물가 오른다…더벤티 커피·음료 최대 500원 인상,Culture
"피아니스트 선율 ""내가 치는 것도 정답…3시간 이상 연습 안했다""",Culture
"“한입에 여러 맛 나 좋아”… 신예은, 김밥에 ‘이것’ 넣는다는데?",Culture
부와 권력을 때려부어 시간을 거스르려 한 결과는[책과 삶],Culture
"“소변 볼 때마다 고통”… 3년 참았는데 결석 1.3kg, 50대男 무슨 일?",Culture
덜 팔려고 애쓴 자산가…부자로 죽지 않을 결심[책과 삶],Culture
"""상하이 여행 가려 했는데""…30대 직장인, 마음 바뀐 이유",Culture
[뉴스7 날씨] 내일 맑고 강한 자외선…서쪽 짙은 안개,Culture
"""초음파 교육 탓?"" 분당서울대병원 대관 취소에 한의계 반발",Culture
팔 저리다더니 15일 만에 숨진 11세 소녀… 무슨 병이었나?,Culture
"""불 꺼진 안방, 아내 몰래 켠 주식앱""… 4050 가장들의 '눈'이 밤마다 녹아내린다 [몸의 오프더레코드]",Culture
목사님이 ‘젠지 성지’ 성수동 찾는 이유는,Culture
"말차 즐겨 마시는 2030 늘었는데, 카페인·지방에 당까지?",Culture
"“KTX 소외 지자체, 연계버스 늘려 ‘무궁화호’ 지켜야”",Culture
'카드깡' 악용 우려…스타벅스 무기명 카드판매 일시 중단,Culture
매달 300만 원 줄테니 책 읽어달라는 노인의 진짜 속내 [배우들끼리 독서클럽],Culture
서소문 고가 밑 철로 '붕괴 당일'...승객 탄 열차 59대 통과,Culture
뉴토끼 폐쇄하자 웹툰 매출이 급상승…긴급차단에 시장이 반응했다,Culture
태풍 '장미' 오키나와 거쳐 일본 본토로…한반도 직접 영향 피할 듯(종합),Culture
"팔굽혀펴기 때 손목 아픈 사람, ‘이것’ 활용을",Culture
왜 여성 치매 환자가 더 많을까…뇌세포 ‘사이 공간’서 단서 발견[노화설계],Culture
‘약방의 감초’로 차 끓여먹은 40대女...죽음의 문턱까지 갈 뻔했다?,Culture
마녀사냥 당한 뒤 버려진 어부…80년 전 영국 노래에서 ‘지금’을 보다,Culture
"""새 항생제로 슈퍼박테리아 못막아""…차세대 무기는 '단클론항체'",Culture
"AI, 이단 옹호 답변 위험…“전문가 검증 없이 의존 말아야”",Culture
바이오해킹에서 트랜스휴머니즘까지…실리콘밸리의 '영생 산업',Culture
우리는 원한다…시원할 자유와 최소한의 매너,Culture
"""천수경을 틀어다오"" 92세 엄마 말에 눈 붉어진 까닭",Culture
"법원 ""한 달 미만 육아휴직, 나중에 합산해 급여 신청 가능""",Culture
[퇴근길 날씨] 기온 점점 올라…서쪽 짙은 안개,Culture
"창덕궁과 종묘 지은 돌, 90% 이상이 인왕산·안산·북악산의 ‘담홍색 화강암’",Culture
"53세 고소영, 피부 관리법 공개… 매일 ‘이것’ 한다는데?",Culture
"""헉, 왜 이리 쓰지?""...오이 꼭지 먹다 깜짝, 쓰디 쓴 이유 ‘이것’ 때문이라고?",Culture
페이스북 내부자가 쓴 빅테크의 민낯…'케어리스 피플',Culture
맑고 초여름 더위…낮 최고 28도내일날씨],Culture
초록이 익어가는 계절…매실청 ‘맛있고 안전하게’ 즐기려면?,Culture
